"CallFailures","SubscriptionLength","DataUsage","VoiceMinutes","CustomerSupportCalls","ContractType","MonthlyCharges","RoamingUsage","Churn"
16,11,4.19360703555867,4836.25042135827,2,"Monthly",24.2686576396227,2.60071393335238,0
4,9,8.40936286142096,1694.92567423731,5,"Monthly",82.4840910732746,5.27742733713239,1
0,8,0.654111939948052,4384.15667740628,3,"Monthly",52.88977175951,3.17009425023571,0
9,9,8.83313842117786,2609.91208604537,0,"Monthly",32.2571090050042,3.03379627410322,0
3,8,7.2457588207908,2889.6174824331,3,"Monthly",58.2401804812253,8.90539298066869,0
17,3,0.808483967557549,1206.69836993329,1,"Monthly",31.9772788509727,8.85384205030277,1
16,8,1.00461616180837,459.704244276509,1,"Annual",41.2167748436332,3.22199183749035,1
14,10,8.13843125011772,400.916959624738,4,"Annual",90.2121364884079,3.58408252708614,1
6,10,1.22377905063331,4799.74689194933,3,"Monthly",54.149575214833,1.21578831225634,0
3,2,7.81703399028629,1725.05733091384,1,"Annual",83.276573587209,7.52695395378396,0
4,11,2.02031781431288,4068.99326248094,5,"Annual",51.7006457038224,3.81954168900847,1
13,21,8.26881796121597,2280.18716792576,2,"Annual",96.5376033820212,6.34915698552504,0
19,10,0.216464321129024,462.761265225708,4,"Monthly",43.9653610996902,7.79342332622036,0
17,16,1.81727139744908,888.613656861708,0,"Monthly",67.3785765655339,7.91127676377073,1
14,20,4.86530248774216,4101.72576317564,1,"Annual",39.9812494590878,5.94936733366922,0
2,2,9.92000335128978,436.760012526065,4,"Annual",98.0603114701807,7.21238781232387,1
8,10,1.83745437767357,3851.17500904016,0,"Annual",55.0164582394063,7.74626066209748,0
3,22,0.0473987683653831,580.603998387232,3,"Annual",36.4878793992102,4.15779219707474,1
4,14,1.18156097363681,3738.07386262342,1,"Monthly",86.7030358314514,0.384401355404407,0
12,19,5.02737935632467,1492.90205677971,3,"Monthly",95.3605418466032,1.81465905858204,1
4,4,3.26926054665819,3587.3853659723,1,"Monthly",97.5030065700412,5.46305411728099,1
19,16,5.47008429421112,1627.04358808696,3,"Monthly",51.3668253831565,4.91996462224051,1
1,15,7.11792570305988,3622.12289124727,4,"Annual",87.6691752485931,7.55538416095078,0
7,23,4.40501705044881,4610.60596164316,5,"Annual",46.5223883278668,1.92164007341489,0
2,24,5.3708085976541,3446.19598356076,1,"Annual",61.4577646367252,9.15896194288507,1
0,11,7.727317053359,496.385885635391,5,"Monthly",46.5320868603885,8.55602040886879,0
9,19,7.24450604524463,4183.00887919031,3,"Monthly",29.1777703911066,0.0310983299277723,0
10,10,5.49356140196323,3242.26816999726,2,"Monthly",31.9186618924141,6.93938245531172,1
14,2,2.46957075083628,1374.74758899771,5,"Annual",85.4734713584185,2.16941241640598,0
7,5,2.18268371885642,1690.83921937272,0,"Monthly",46.5640267543495,9.76773707196116,0
3,19,6.41588381724432,2909.57628749311,3,"Annual",94.2498937249184,7.9046718054451,0
3,23,9.20735070249066,2684.96586359106,4,"Annual",48.0226115696132,4.20212295372039,0
17,11,9.37503933208063,2816.22202834114,2,"Monthly",54.1408718749881,6.99884578818455,1
12,22,3.84412650484592,1267.39064813592,3,"Annual",52.1203727833927,3.89218364376575,0
4,18,1.45897382870317,2712.68615149893,1,"Annual",53.9670908823609,6.39123812550679,1
3,20,7.29293825337663,3944.81375231408,0,"Annual",43.6065963841975,5.84949872922152,1
1,11,4.86740839667618,921.118189580739,0,"Monthly",91.4496310614049,0.542518554721028,0
17,10,2.52542562549934,221.381515730172,1,"Monthly",72.9313910380006,4.02630811790004,1
2,5,8.27795639866963,3023.4709661454,5,"Annual",65.8892696164548,3.73468023724854,1
16,13,1.4459894481115,2805.79249956645,1,"Annual",94.6960313990712,1.44444988574833,1
20,21,5.94547373941168,2089.08899803646,4,"Annual",99.0741749666631,0.153299409430474,0
17,10,2.72310928907245,2552.007175982,3,"Monthly",29.0154543891549,0.845605481881648,1
5,17,9.40605576615781,3677.53065656871,2,"Annual",58.3553334698081,5.07618022849783,1
5,23,1.45291977096349,4272.42341451347,1,"Monthly",73.8440779969096,1.92054862622172,0
1,3,9.10943461582065,2749.01625118218,1,"Annual",24.247676115483,1.60427021095529,0
19,14,7.03020065790042,2055.98462605849,5,"Annual",55.2225549891591,1.02763395989314,1
2,10,2.76620882563293,1176.49567779154,2,"Monthly",88.3969771675766,0.749668891075999,1
20,24,0.60320031363517,3451.31574897096,1,"Annual",71.7250909283757,6.91125935642049,1
1,2,7.06061010248959,3638.31522874534,4,"Monthly",71.3027733191848,5.67216340685263,0
5,22,1.63916150806472,3276.434650179,1,"Annual",32.3215652815998,4.44330064812675,1
9,5,1.76803102949634,3433.20718035102,2,"Annual",51.613366920501,9.65986346825957,0
7,24,5.1085721119307,1294.22102705576,3,"Annual",23.2685882784426,3.7243161117658,0
4,12,3.38549877982587,1530.4732916411,4,"Monthly",28.3678092621267,0.565466117113829,1
0,15,0.431201716419309,2333.11263960786,2,"Monthly",73.6503622680902,5.28861345490441,1
16,6,8.43151141423732,1814.74485318176,3,"Annual",84.7693246975541,1.91105413483456,1
6,1,3.06818739743903,2234.25526637584,4,"Monthly",39.0720576420426,6.5246466989629,1
3,23,4.81418742332608,4916.50934447534,0,"Monthly",77.8629731200635,4.22390818130225,1
12,13,3.80212516756728,4342.79347537085,5,"Monthly",79.6761007420719,0.875863644760102,0
9,9,6.58019201364368,2754.11581620574,1,"Annual",68.5605304129422,2.39891170756891,0
8,14,9.10861356416717,2972.66441397369,2,"Monthly",22.5305512547493,8.91453982563689,1
11,12,7.98124842345715,1557.31167993508,4,"Annual",95.1856872998178,1.48315783822909,1
19,18,3.98382252315059,3071.61110918969,0,"Annual",79.4467844441533,4.23808274092153,1
8,7,1.39263748889789,1404.41776253283,1,"Monthly",31.496648080647,7.29069669032469,1
10,16,3.00387173425406,4952.25358637981,2,"Monthly",50.7269529812038,7.87747299298644,1
2,12,2.79813206521794,3633.87415069155,1,"Monthly",66.5540605038404,1.56921302434057,1
15,12,2.53595534013584,3307.02029634267,1,"Monthly",99.3374142050743,8.30810203915462,1
4,6,7.82201113644987,3243.10822179541,3,"Monthly",52.1364965848625,4.35738322557881,1
13,19,6.72642262186855,3207.51858991571,0,"Annual",35.6012653745711,5.60779436025769,1
4,18,4.54385749530047,3615.40192039683,1,"Monthly",75.7487422041595,8.36469745496288,1
1,2,3.74692279845476,3512.63542193919,2,"Annual",94.6340145356953,5.69525374565274,0
17,8,2.73293286329135,1875.15332945623,2,"Monthly",73.6831730976701,6.4130240958184,0
16,24,2.93296830030158,4695.96967916004,4,"Monthly",88.2165008597076,4.50937373097986,1
17,21,4.71404961543158,1399.14156752639,2,"Monthly",56.2707060202956,0.541745466180146,0
4,1,3.89864034485072,4159.23324646428,5,"Monthly",41.8466313742101,4.80852570850402,1
13,15,0.248615576419979,288.724402198568,5,"Monthly",25.3669780306518,9.05080639524385,1
7,18,8.56614659307525,3162.4136865139,3,"Annual",54.6335540525615,9.60481283022091,0
7,14,1.39820600161329,3714.06950755045,4,"Monthly",61.5058664977551,7.05190485808998,1
20,1,9.41539446124807,1353.07670221664,5,"Monthly",42.3542279750109,0.490137618035078,1
3,6,5.60080145020038,4884.26869502291,3,"Monthly",94.4478221610188,5.86594827240333,0
3,19,2.60075693251565,3197.36791891046,0,"Monthly",63.5896840877831,9.11455299239606,1
6,4,0.398760288953781,181.713334750384,4,"Monthly",21.9786307960749,4.48296308750287,0
9,21,5.08186420192942,2781.32973238826,3,"Annual",65.0367828458548,1.88134721247479,0
17,1,4.96490396093577,3691.61719456315,5,"Monthly",43.6077408492565,1.93504879018292,0
12,1,3.72899192618206,165.786454454064,2,"Monthly",32.9127547889948,2.94434755807742,1
20,1,5.7026850595139,421.123132109642,3,"Annual",75.3954271413386,2.04504685243592,1
18,15,9.68372587347403,308.273065602407,3,"Monthly",75.9749812819064,0.872131106443703,0
15,18,0.817912963684648,1763.30737886019,4,"Monthly",30.9702596068382,1.70006623724476,0
16,21,7.22660716157407,181.880202144384,5,"Annual",91.3465680927038,8.89570733997971,1
11,11,7.8440785780549,2231.34565050714,0,"Annual",32.1951706893742,0.819273220840842,0
8,1,0.374867296777666,4606.97307251394,4,"Annual",93.6973056569695,8.0691530322656,1
20,10,2.01261537149549,3013.73731927015,1,"Annual",32.4608309939504,7.0281210471876,1
10,20,3.32104755565524,3659.11843487993,4,"Annual",30.8305232785642,4.60820377105847,0
15,9,5.66964805591851,1753.13652609475,1,"Monthly",37.353678420186,0.869127626065165,1
7,5,0.10931215249002,46.876136912033,2,"Monthly",57.8504117019475,1.06176021508873,1
5,24,0.853019708301872,3755.47338160686,0,"Annual",71.2330359965563,6.62026252830401,0
0,6,4.6296559041366,3398.80681363866,5,"Monthly",42.8120481967926,7.69791007740423,0
12,11,4.49913740158081,1676.40785453841,4,"Annual",98.1740215048194,1.97590789757669,1
13,5,7.59272540919483,2627.23989086226,2,"Monthly",62.1783494576812,5.65089462790638,1
4,19,8.68101315340027,2891.28650329076,4,"Annual",76.8150610849261,8.07720351498574,0
8,6,1.85529984999448,1994.37432340346,4,"Annual",63.8909727334976,4.58699967479333,0
15,8,7.5918141962029,4183.36448958144,2,"Monthly",36.7566390521824,8.4954419452697,0
10,16,0.998324614483863,1141.40177844092,5,"Monthly",36.1879609897733,1.46147273248062,0
9,24,2.21090268576518,4175.15421053395,3,"Monthly",43.1005922146142,5.08272191975266,0
9,17,8.95402878522873,511.080133728683,2,"Monthly",58.1733599677682,3.33328698063269,1
0,12,8.03779562003911,2889.39282298088,1,"Annual",31.1061774753034,6.53622575569898,1
18,10,1.67365086264908,4029.14491249248,1,"Annual",88.2219078764319,4.94785486953333,0
16,8,9.84814716270193,3925.2911566291,3,"Monthly",38.8660732842982,6.0886119864881,1
13,24,8.1800379534252,1409.9589374382,0,"Annual",54.7978487052023,1.85763444751501,0
13,8,4.43320662714541,4368.65568743087,2,"Annual",39.5432572253048,0.797273113857955,1
14,21,5.84755172021687,2236.93207721226,3,"Monthly",47.8481896035373,5.19753926200792,0
5,7,8.86502390727401,1709.97534878552,1,"Annual",93.6997044086456,7.89499359205365,1
14,14,8.10847343644127,3606.70211608522,0,"Annual",77.4481210485101,5.05800292827189,0
10,15,7.42774649290368,733.489802805707,0,"Monthly",79.1381100937724,7.80846132896841,1
4,15,8.41959780314937,3518.37584981695,3,"Monthly",66.1835355125368,1.42521453788504,0
15,11,4.06604694901034,910.001785960048,3,"Annual",23.4353630803525,1.81900624651462,0
16,10,8.72838202631101,1735.04182486795,0,"Annual",73.6563113890588,8.07438818970695,1
16,19,9.06216467032209,2242.75934044272,0,"Annual",83.6521153151989,1.59620187012479,1
17,18,8.91777385724708,1471.9420473557,1,"Annual",80.7594129815698,6.67794856941327,1
1,15,0.0830464321188629,4562.54493212327,0,"Monthly",91.9890961796045,6.41528212931007,1
5,15,6.16156407166272,3011.78161869757,1,"Annual",50.2544320374727,2.58359774714336,0
5,19,4.54719334375113,2095.89242469519,5,"Annual",52.6818963699043,1.38721274444833,1
5,13,5.68187293363735,596.713738050312,2,"Annual",49.0818555653095,6.12442625453696,0
19,20,8.99395311484113,1163.00846682861,2,"Annual",93.0319498665631,5.69563165772706,0
14,23,1.69690435053781,3101.25196236186,0,"Annual",31.1697503365576,0.968420982826501,0
1,23,7.66877319198102,3433.79680416547,1,"Monthly",70.6830554828048,7.37130354857072,1
9,3,1.1306097288616,2844.31706066243,3,"Annual",32.6669696159661,6.97081178426743,0
11,10,7.66161982435733,1770.96233121119,3,"Annual",79.1712060384452,3.94232284044847,1
8,16,2.73792453575879,2994.64912968688,1,"Monthly",83.8633687235415,8.695457004942,0
0,21,9.44196700816974,4844.73807038739,0,"Annual",49.9220284260809,4.42979804472998,1
1,13,4.4598331884481,1952.67664734274,2,"Monthly",51.6238304227591,1.03771081892774,0
1,18,5.41787161491811,4264.07254999503,0,"Monthly",94.0075181052089,2.4656905210577,0
10,1,1.61754461470991,211.437756661326,3,"Monthly",58.8870111852884,1.6410956159234,1
13,9,6.93053540308028,2123.61175566912,4,"Monthly",61.7141203396022,3.78104771254584,0
1,11,7.97274365555495,111.95273254998,5,"Monthly",46.5604207664728,7.34482124680653,1
1,5,7.73586589144543,160.356763517484,3,"Annual",51.4952251315117,2.84281354630366,0
9,14,2.13289439678192,491.05879268609,0,"Annual",43.9542579837143,3.79790088627487,0
4,3,2.03604418085888,4713.98776280694,3,"Monthly",74.3730290420353,9.94367133826017,0
9,5,6.3324666605331,3213.7855340261,4,"Annual",80.6553494557738,2.60868995683268,0
16,11,7.61008010711521,734.458756633103,5,"Annual",56.4738090895116,7.26258469279855,0
16,14,8.07967222994193,2197.56656559184,1,"Annual",50.3388232178986,6.02952262153849,1
4,16,8.28922379529104,2026.12455468625,4,"Annual",51.9160133041441,8.70247358456254,1
2,5,1.18570909835398,1157.22846472636,3,"Monthly",34.8869623802602,6.66316906921566,0
13,8,2.81343105249107,3437.20738077536,3,"Annual",81.2887096405029,3.19087650394067,0
13,6,8.4682101663202,1085.57746047154,4,"Monthly",35.6441007740796,2.24072304787114,1
0,21,1.08489253325388,4155.19893052988,5,"Monthly",53.6285051889718,4.17837613960728,1
4,4,0.174967097118497,3546.88743478619,5,"Annual",71.4731687493622,0.302483704872429,0
2,5,4.1341461148113,2616.01095669903,3,"Annual",46.9013847596943,9.96980658266693,1
12,24,5.90861889068037,268.03596294485,1,"Annual",23.6170096695423,6.8883658782579,0
10,12,5.16315830405802,3122.77932884172,4,"Annual",43.5080626793206,2.03187219332904,1
19,18,9.34696276206523,3864.11562911235,5,"Annual",69.2305239662528,7.92481669923291,1
16,7,2.60512409266084,1912.98561287113,2,"Annual",26.5789948217571,2.60209345025942,1
19,13,7.10702441632748,3366.95468169637,4,"Monthly",26.1737089417875,5.97744021331891,1
3,10,1.68148030061275,144.388172775507,2,"Monthly",95.6790132261813,4.43693252280354,1
19,16,8.19872366730124,960.665597813204,0,"Monthly",45.4732704721391,1.31183874793351,0
10,4,7.50107024563476,3666.41608299688,3,"Annual",40.5544239468873,8.65282828453928,1
16,2,2.89995930157602,2305.33114168793,4,"Annual",27.8179397061467,6.60020886687562,0
8,12,1.79813035996631,2242.62688076124,2,"Annual",48.1468753702939,0.0134536088444293,0
16,13,6.17291934322566,4070.4912180081,2,"Annual",97.2326895035803,6.14274097140878,1
12,1,6.12301987363026,4548.448799178,3,"Annual",62.7649692632258,9.79992493754253,0
16,15,8.65718859713525,4558.1933890935,1,"Annual",79.5817936770618,4.57751698791981,0
19,20,6.3971645059064,4581.57436340116,2,"Annual",40.6520366109908,1.3702221843414,0
0,12,0.918993100058287,4658.7620920036,1,"Monthly",68.6786031723022,7.79168761800975,1
16,15,8.6737715266645,2697.74327869527,5,"Annual",21.7499474063516,1.09993341378868,1
0,16,8.41754328459501,3223.53133931756,1,"Monthly",85.1310879923403,8.08070863364264,0
1,17,4.9549080664292,303.489313228056,2,"Annual",73.8505378365517,3.66071140859276,1
7,17,0.793726730626076,2075.44508040883,0,"Monthly",92.3162935115397,1.49766939459369,1
15,1,0.216505031567067,2585.62500006519,3,"Monthly",75.9718335419893,7.44902015430853,1
2,17,3.08966828510165,3378.11636156403,4,"Annual",24.5979005657136,0.194363384507596,1
4,10,7.31681073782966,1812.11909628473,0,"Monthly",52.2235044278204,1.97261078981683,1
12,3,9.95638922788203,1990.80291204154,0,"Monthly",36.6290983557701,0.619756542146206,1
11,17,4.55086637288332,1224.62917119265,0,"Annual",43.4426400251687,0.303288092836738,1
0,4,6.95207372074947,789.744124049321,2,"Monthly",82.2066180035472,3.11723608989269,1
18,11,9.44656757870689,2653.70819834061,4,"Annual",36.8632028438151,3.12117668800056,0
4,7,4.63808591011912,4003.52693977766,4,"Annual",45.2262009866536,9.69257569406182,0
14,10,7.06742706242949,2213.77218607813,5,"Annual",97.9741783626378,6.28636185312644,0
5,16,8.36152115603909,3781.82708402164,1,"Monthly",72.9708510451019,2.54489030921832,1
15,7,0.487741981633008,3190.50059653819,1,"Monthly",50.6620976701379,8.06525076972321,1
9,3,4.03689506929368,4481.73127719201,0,"Monthly",73.3414482325315,1.04436317691579,1
6,18,5.40661301231012,1915.18347710371,1,"Annual",58.8702818378806,8.72797828866169,0
8,21,7.32966251671314,4760.9948227182,1,"Annual",61.7463092319667,7.21957302652299,0
8,11,1.45885098725557,3553.32104023546,5,"Monthly",63.4144608862698,3.3216046448797,1
2,5,3.65199354011565,4647.35191082582,0,"Monthly",97.3227555677295,8.04738974198699,0
17,16,0.199870280921459,1873.63740056753,2,"Monthly",52.7043843455613,9.28262996952981,1
20,13,0.0925575522705913,3925.18123495393,4,"Monthly",60.2372146584094,7.26256597554311,0
14,4,7.9600104666315,1095.54683440365,0,"Annual",99.326193574816,8.84504060959443,1
14,19,6.81674937950447,2427.30036028661,2,"Annual",56.0101496614516,0.311978266108781,0
19,24,0.260961642488837,3406.14147717133,0,"Monthly",59.6287574246526,3.21937886066735,0
15,15,3.04507424356416,2318.16873187199,5,"Monthly",78.3902164548635,1.53073258930817,0
0,8,9.48340498143807,4695.7162709441,5,"Annual",31.045107729733,8.1933868676424,1
5,3,2.83118510618806,1699.26761300303,4,"Monthly",63.7294894270599,6.15030302898958,1
10,23,3.5870298394002,1.91287137567997,3,"Monthly",69.8521462269127,8.54645442217588,1
8,9,5.01514861127362,1086.91627043299,2,"Monthly",24.0945240110159,0.360347421374172,1
19,23,2.65306398738176,180.329756112769,0,"Monthly",89.0719713643193,0.835543044377118,1
12,13,9.10291286185384,1741.16986687295,4,"Annual",59.6938027627766,4.17720061726868,1
4,5,1.80575767531991,489.768155384809,0,"Monthly",32.3301207646728,9.36048271367326,0
10,12,6.1617932934314,3651.69339231215,5,"Annual",29.0554867684841,2.2254922427237,1
14,4,0.479102551471442,3679.01021847501,5,"Monthly",96.2101461738348,4.68906354391947,0
20,10,8.00046385498717,3248.8081860356,1,"Annual",66.3198472559452,8.33575562108308,0
1,3,6.61591743584722,4428.30955726095,4,"Annual",68.6729887500405,6.92288029706106,1
5,7,7.35346518456936,569.874766515568,3,"Monthly",42.8305979445577,3.20270587224513,0
0,6,0.435076963622123,1349.71787803806,5,"Monthly",54.227503221482,4.65251052984968,1
13,17,5.40462272241712,4422.56261245348,2,"Annual",21.5468534268439,1.30573663394898,0
15,20,6.25582119682804,4857.55264875479,0,"Annual",84.5701085031033,2.44797416497022,0
16,10,7.48928237240762,4508.3632634487,3,"Monthly",44.5675869844854,2.09563293028623,0
10,20,1.49535739794374,3481.16833367385,1,"Annual",26.4270962961018,9.3654771335423,1
17,12,4.44995187455788,4654.86152330413,1,"Monthly",55.545666385442,4.09952618880197,0
1,20,6.99291763361543,3740.67996977828,1,"Annual",94.4695951789618,9.05588119290769,0
9,3,1.05775438714772,552.762377774343,0,"Monthly",92.0426563732326,6.27334071556106,1
3,18,7.71906464127824,2691.85485201888,4,"Monthly",42.1594859659672,1.42364995088428,1
19,3,6.35942932451144,1698.69666802697,1,"Monthly",77.2118020616472,9.5649674278684,1
14,15,5.92303083511069,3625.54620252922,3,"Annual",35.0462272204459,4.9365554517135,0
6,12,0.113688409328461,1705.2835796494,2,"Annual",80.0257338769734,4.33702242560685,0
16,15,0.199966614600271,3753.50697548129,0,"Monthly",43.9156184904277,7.05032672733068,0
4,3,1.62015242036432,1629.67711570673,2,"Annual",73.3233237825334,0.655440937262028,1
19,20,0.683185334783047,1439.96198778041,5,"Monthly",60.990412030369,0.371536388993263,0
17,23,4.7626046417281,1430.69639219902,0,"Annual",20.4662574082613,9.99272772809491,1
8,6,9.83219652902335,1027.38541783765,4,"Monthly",33.7554291635752,3.26317240251228,1
10,10,4.36141413869336,1438.6809815187,5,"Annual",68.4491056203842,6.21698880800977,0
5,6,9.48046677745879,1326.76160545088,3,"Annual",20.4982188157737,6.83851555921137,1
9,11,3.3711068960838,829.421002417803,3,"Annual",82.7445584535599,4.65240806108341,1
8,1,4.92323265178129,821.800213307142,4,"Annual",64.6340353041887,3.64510325714946,0
18,10,8.38568359380588,1433.88759577647,4,"Monthly",26.184842530638,9.91260785609484,0
8,3,8.26047112233937,2558.89423191547,3,"Annual",84.3798332102597,0.204626200720668,1
10,13,1.42396595096216,1849.65432272293,4,"Monthly",39.2343112826347,6.59530696226284,0
18,5,1.15452534751967,4707.7233006712,2,"Annual",53.3486341312528,0.689540868625045,1
20,10,0.0447911908850074,2883.8753385935,5,"Annual",27.4109455756843,5.87229420198128,0
3,16,7.41241118172184,2685.65397011116,2,"Annual",72.3990846052766,1.78014943841845,0
9,14,7.82437536632642,3638.12018069439,4,"Annual",71.0787143930793,4.21201543882489,0
16,1,2.13144502369687,1584.4829462003,5,"Monthly",82.1367691829801,5.69163358770311,1
20,1,5.17988223116845,4154.68374849297,3,"Annual",58.5480238683522,3.443070393987,0
11,11,1.91707639023662,3305.85748772137,0,"Monthly",33.3736472949386,0.345838216599077,0
20,14,4.56803837325424,1058.09192289598,1,"Monthly",88.0399132706225,8.7451236974448,1
5,1,5.26583177736029,1740.3510317672,1,"Monthly",96.4666504226625,6.91476779291406,1
14,20,3.47815718036145,2584.84668913297,5,"Monthly",54.3764389492571,7.57140557980165,1
8,3,7.41519489558414,4530.42175271548,1,"Annual",36.584310233593,8.56232867576182,0
9,23,0.458017224445939,4951.23289641924,1,"Monthly",79.4124164804816,7.28050192585215,1
17,3,2.84640626981854,1461.09290537424,1,"Annual",61.6111434623599,2.85967961885035,0
6,23,1.70369920087978,1610.44091568328,5,"Monthly",44.8890110105276,3.57747446978465,0
13,17,2.75061261607334,3145.51587100141,2,"Annual",97.2394801490009,8.27438937034458,0
11,19,6.94067851873115,3852.40207775496,2,"Annual",68.6429035663605,1.390635734424,1
20,19,8.4774571377784,1146.141680656,0,"Annual",67.3924684338272,8.34747938904911,1
18,23,5.07506089517847,1212.40419452079,4,"Annual",27.6871027052402,1.11434270162135,1
9,22,9.53538585454226,654.025564435869,1,"Annual",59.0812907367945,4.93152061244473,0
4,14,0.779625752475113,4283.22745487094,5,"Annual",27.5643160194159,7.44845677167177,1
1,1,5.22605518810451,500.623440602794,3,"Monthly",30.2490141429007,3.59450729331002,1
2,6,7.2513739252463,3536.50472592562,3,"Annual",44.6129511855543,4.988351049833,1
1,6,1.00299560697749,2722.11718373001,5,"Monthly",29.8847212642431,4.24582362407818,0
13,14,7.84177443012595,896.273236721754,5,"Annual",71.1840046010911,0.24778287159279,0
15,17,4.49962196638808,970.276476582512,1,"Monthly",43.3657818473876,0.302211598027498,1
3,20,4.46451005060226,4236.81772314012,0,"Monthly",89.1429136879742,9.40693531418219,0
20,20,7.30111550772563,3367.7518251352,3,"Annual",46.5839500539005,7.12379471631721,0
5,8,4.93463017046452,4349.30933057331,5,"Annual",36.9488962925971,7.55924691446126,0
19,9,1.07250792905688,3128.97090800107,0,"Annual",96.1433847248554,6.31332565564662,1
20,4,9.20603174250573,4056.63963407278,2,"Monthly",42.6271997950971,3.41709779575467,1
19,7,2.40201985230669,4671.00187321194,3,"Annual",42.9338314011693,4.39190154196694,1
10,4,6.53519028099254,14.096979284659,0,"Annual",43.6483540013433,9.6073321858421,0
0,15,8.8426085235551,2371.535935672,2,"Annual",30.0792182981968,0.0327905709855258,1
13,7,8.88743886956945,2785.90649017133,4,"Monthly",87.7978537231684,5.94894626643509,1
0,15,9.75532206008211,1089.2154474277,2,"Monthly",80.8742516487837,6.14939944120124,0
3,16,4.82022884534672,4678.64911537617,4,"Monthly",79.5046316646039,0.650799579452723,0
12,13,0.961798992939293,4888.96185997874,5,"Monthly",65.0921519286931,7.14072684757411,1
5,17,9.3049501045607,2159.93809862994,4,"Monthly",44.0902868844569,6.69699176913127,0
11,15,3.16338130738586,4039.6751370281,2,"Annual",63.6099592782557,1.90999509068206,1
6,1,4.69835338881239,1276.11241303384,4,"Annual",50.9637554362416,3.02258912241086,0
11,23,5.5605398491025,2944.60751465522,5,"Annual",94.6056507527828,8.43520797789097,0
4,19,8.20624713087454,2193.44364362769,5,"Monthly",87.4610644578934,8.4445780608803,1
17,8,6.35864625452086,938.669303432107,3,"Annual",87.7521605417132,7.18048885697499,1
6,16,3.65130371646956,42.9259042721242,2,"Monthly",72.1442153863609,0.690063594374806,1
12,14,4.80121462373063,1907.11729344912,1,"Monthly",90.3915928304195,1.17417215602472,0
1,11,1.40739541267976,637.491089291871,1,"Monthly",97.5502623990178,7.78190285433084,0
2,10,2.3828856064938,4804.6119697392,4,"Monthly",52.2736275196075,1.68881618184969,1
0,15,8.41732726665214,2326.17101049982,2,"Monthly",45.0082177482545,8.25776438461617,1
14,18,8.1251566647552,1166.82613850571,0,"Monthly",54.6969383768737,4.12645285250619,0
19,2,9.89162171492353,3991.16556858644,4,"Monthly",52.1415124461055,4.86800740938634,0
10,8,7.29431886924431,3351.80867346935,2,"Monthly",57.3185840435326,1.60963840549812,1
8,16,3.72258285526186,2919.9486260768,3,"Annual",44.870564173907,6.77886318415403,0
9,23,5.10378681588918,3335.74582124129,1,"Annual",36.3408600538969,1.47767771501094,1
6,23,9.29064088035375,3696.75572845154,3,"Annual",52.2076593339443,1.95116677088663,1
18,5,5.78470988664776,3355.66843743436,1,"Annual",29.3697679974139,9.13029313320294,0
17,24,4.06363719375804,755.062040407211,3,"Annual",96.480749938637,4.0224340884015,1
11,14,2.11886999197304,3031.6356709227,1,"Annual",72.2376153245568,1.23856124235317,1
9,7,8.22124858386815,4656.65052877739,5,"Annual",52.1679499931633,4.53702463069931,1
8,5,4.91661362815648,1906.09623095952,3,"Monthly",54.2614966444671,6.02893267758191,0
18,12,1.61284650210291,4415.35182762891,4,"Annual",24.0497640520334,8.53553872322664,1
14,6,7.09892147919163,3500.09278510697,4,"Annual",60.0698437169194,0.595886015798897,1
13,21,6.08590121380985,3657.287042588,4,"Monthly",30.4408225789666,6.02614658651873,0
2,17,1.10353290103376,1407.9284388572,1,"Monthly",90.523944273591,4.97151389950886,0
19,21,2.22534619038925,2156.74974140711,4,"Monthly",95.5233819596469,7.19644244993106,0
9,16,5.46573046594858,3630.80212613568,5,"Annual",39.637335408479,7.14888206450269,0
1,23,0.881697477307171,4027.70390035585,5,"Annual",37.4373606219888,2.37932339077815,0
16,5,1.29058530321345,2175.24345614947,3,"Monthly",98.0169806443155,8.66725334199145,0
17,6,7.43773977970704,1338.00305076875,4,"Annual",33.1432263553143,2.61313871480525,0
18,5,8.83042616769671,3918.41482021846,3,"Annual",46.3421610929072,1.31496549583972,0
13,1,9.46262503042817,949.570302618667,5,"Annual",76.0273725166917,1.88746173400432,1
16,22,2.570885210298,825.502832885832,5,"Annual",82.6080876216292,2.28034401545301,0
9,20,2.1520011825487,64.6021461579949,1,"Monthly",44.3901216983795,8.09966585598886,1
4,21,2.08425941411406,1869.86049637198,0,"Annual",30.2656168118119,8.1478956155479,0
12,18,1.88381547806785,2883.11790907755,3,"Monthly",95.0700880587101,5.29294313397259,0
17,21,1.98290698695928,4016.3652470801,2,"Monthly",68.6071439087391,7.22486604005098,1
18,19,1.4174447231926,51.8537848256528,4,"Monthly",53.7957392819226,5.81212812103331,1
18,1,6.95448351791129,4400.83153662272,0,"Monthly",37.801684755832,3.86496447725222,0
9,6,3.23425576789305,2451.46587956697,2,"Annual",90.6229745224118,4.30429279105738,1
15,11,3.80659820279106,2991.34163302369,5,"Monthly",38.4301079064608,5.19207016797736,1
1,12,7.471816285979,3352.58388426155,3,"Annual",55.049256272614,1.85835477197543,1
3,3,2.81188891734928,2086.82085620239,2,"Monthly",28.3562866039574,3.12447025673464,0
6,15,7.61838266160339,3925.56251958013,5,"Annual",28.4705910645425,6.931606028229,0
0,14,0.730241353157908,3681.65013496764,3,"Annual",59.4552341289818,7.62072971090674,0
13,1,6.71100575476885,4232.83429350704,5,"Annual",73.3354100771248,7.11347880074754,1
19,24,9.19187617022544,3307.46445572004,4,"Monthly",82.123216856271,6.36301865102723,1
18,17,7.76249347254634,3654.04431824572,3,"Annual",21.9061404839158,6.83596147457138,1
11,3,7.40473485086113,4482.55240917206,2,"Annual",54.5429757423699,4.62728762533516,0
18,1,3.19578541675583,975.054460577667,1,"Monthly",49.3230815976858,5.92964012175798,1
5,13,6.34463239926845,4910.79679457471,0,"Monthly",51.6322627104819,1.98947964468971,0
11,2,4.31439699139446,4067.34037678689,2,"Monthly",20.5809481814504,7.35015429090708,0
9,13,3.32576375221834,2906.09911084175,0,"Monthly",46.8627492524683,6.09342672396451,1
6,11,7.52396303694695,2626.1306705419,0,"Monthly",80.1949341595173,6.22315721586347,0
18,6,0.208188523538411,4627.82142683864,0,"Annual",80.3739179857075,3.86328454595059,1
1,23,3.89133815653622,155.572295188904,3,"Annual",96.0397526994348,4.22490666387603,1
5,6,3.0278516956605,3616.41534953378,0,"Annual",88.2595570385456,0.320612844079733,1
8,22,1.68119609355927,2274.80513975024,0,"Annual",58.8253427483141,1.8059374531731,0
10,7,6.15305083803833,3783.66366727278,4,"Monthly",21.1293444223702,1.69670392293483,1
5,12,0.841556687373668,186.308565316722,3,"Monthly",73.3765174075961,0.611587564926594,0
4,22,2.16358291450888,3467.02742623165,5,"Annual",44.599539283663,0.457886199001223,1
13,1,9.96507797623053,730.290677165613,4,"Annual",61.9533634372056,0.839968244545162,1
9,19,1.25886117108166,1241.95372569375,0,"Monthly",84.8525416664779,8.24655242729932,0
14,13,0.445922613143921,1339.20684223995,2,"Monthly",94.2684956640005,8.05204642703757,1
0,3,8.98853514809161,2935.51889481023,0,"Monthly",95.1385054737329,9.3498085392639,1
8,8,5.11693977518007,1393.11242266558,3,"Annual",25.0572454743087,4.59722663974389,1
9,22,0.50966207170859,1226.89440846443,1,"Monthly",77.4696024879813,9.90720823174343,1
16,23,9.73462753230706,4115.1521448046,2,"Annual",20.5624321475625,3.40570200001821,1
11,15,1.58046294469386,3783.16527698189,5,"Annual",55.8362700976431,9.83685417333618,0
0,5,7.98847269266844,2369.6271982044,5,"Monthly",73.5319968685508,7.5318547245115,0
10,11,1.55526260146871,682.960982667282,3,"Annual",78.2687076181173,2.25853039883077,1
3,13,4.26478700013831,871.75267515704,2,"Monthly",85.0502807274461,3.27656993642449,1
2,15,1.91985592013225,4579.10157623701,2,"Annual",66.8878873810172,1.05114546604455,1
20,14,7.03097133897245,1315.43137598783,5,"Annual",28.0619837902486,9.22578008612618,1
5,24,8.00710202893242,4419.65594538487,0,"Annual",76.0497860983014,2.6604194380343,1
4,19,9.6286579221487,1412.84904209897,0,"Monthly",63.4901362098753,8.04137529805303,0
9,3,0.480148803908378,4471.24539874494,5,"Monthly",74.2361599765718,8.98324898909777,0
19,1,5.75199605664238,2873.24153585359,0,"Annual",61.5478336624801,1.36358051095158,1
1,13,4.20751969795674,3395.39162348956,1,"Monthly",94.6966548264027,1.60156135214493,1
3,9,2.84648376516998,3526.41424047761,5,"Monthly",31.4401248283684,6.87978668604046,1
19,17,3.4517436590977,1319.3219632376,0,"Annual",71.0367505438626,2.39336504135281,1
8,16,9.26734312670305,1684.59935113788,2,"Monthly",54.6054793708026,1.3394152908586,1
13,17,9.07376304036006,1802.57680243813,1,"Monthly",47.5986049883068,2.27598051307723,0
13,7,9.69188135350123,1835.64571081661,1,"Monthly",37.3647855222225,7.53837771480903,1
2,12,7.99185710027814,1718.35405984893,5,"Monthly",87.7582665719092,3.90770958270878,1
17,11,1.62421379238367,3488.99455391802,4,"Monthly",52.230133023113,4.46766127133742,0
9,12,2.73312367498875,557.699371129274,3,"Monthly",36.9282550737262,7.45339939603582,1
0,11,7.63854598393664,961.587878409773,0,"Annual",63.2046289555728,2.37152379704639,0
7,5,8.23193495394662,407.034305389971,1,"Annual",50.6348385848105,0.652492691297084,0
19,13,5.5145857622847,2180.88148278184,2,"Monthly",42.056424356997,4.80787580832839,1
20,21,1.44867218798026,4599.60497100838,0,"Monthly",20.6538440473378,4.91378857055679,1
4,21,7.58548563579097,2216.48209611885,0,"Annual",70.5653036572039,4.24239444779232,1
5,21,0.867696749046445,1350.86432565004,3,"Annual",66.1529093794525,0.396664431318641,0
13,5,7.00798273086548,1110.3648156859,1,"Annual",80.4339592158794,3.9776876103133,0
3,24,8.28930522780865,3957.87590998225,2,"Annual",78.8665751554072,8.49774386966601,1
8,19,4.91817034082487,1273.4545499552,1,"Monthly",75.8777121827006,9.61088173091412,1
7,10,5.47611323418096,290.295931044966,3,"Annual",23.4002614580095,8.05765623226762,0
15,15,6.69397852849215,1896.33694477379,0,"Monthly",68.2829144969583,0.836386124137789,1
11,2,0.35084082512185,4532.64977550134,0,"Annual",99.555379729718,6.04705085745081,0
9,13,1.13038064679131,944.540094351396,5,"Annual",92.8006582334638,7.43657801067457,0
13,12,6.87803565291688,1759.06602176838,5,"Annual",34.0528896637261,4.08530394779518,1
10,4,0.80096919555217,2310.10168325156,3,"Monthly",25.7032187469304,4.46473210351542,0
1,7,3.157655778341,4782.14528644457,5,"Monthly",27.853900436312,8.47166836960241,0
15,13,7.64468071749434,504.915877245367,4,"Annual",72.0572901330888,3.95969407167286,0
13,19,3.49954003468156,178.776247194037,2,"Annual",49.6824339032173,7.31504663359374,1
14,13,5.34280898049474,3231.93637770601,5,"Monthly",94.7415743209422,6.90361082553864,1
16,16,8.93261697608978,326.512291794643,1,"Monthly",69.4116206653416,1.20793200097978,0
5,10,4.47643604828045,1597.26244048215,1,"Annual",58.1855501793325,2.16779952868819,0
18,1,3.28054461861029,1310.82259002142,0,"Monthly",46.3920499011874,9.94118730304763,1
9,16,0.468640066683292,3939.17715526186,3,"Monthly",45.4297328554094,9.04774809489027,0
12,9,3.89327354962006,694.712435360998,3,"Annual",75.2305807359517,2.63337499462068,1
5,3,2.84509115852416,3325.255359523,5,"Annual",52.7047331444919,6.03061478817835,1
0,24,2.70257955882698,4537.88711456582,0,"Annual",34.9263777956367,1.53028620406985,0
10,1,5.76209246180952,1521.39653917402,3,"Annual",33.163137845695,3.29625891055912,1
12,12,6.29486583638936,3617.55732097663,3,"Annual",81.424463223666,6.6847059270367,0
9,7,3.13369112554938,1820.5101089552,1,"Annual",25.1448630541563,9.93562635267153,1
12,15,6.88717818120494,2163.08022500016,3,"Monthly",64.0422723628581,6.05379577027634,0
14,9,5.32391957240179,3644.339654129,0,"Monthly",30.3034351021051,2.26819853531197,0
16,2,7.59994458407164,1313.98936733603,5,"Monthly",97.6445534080267,5.60223064152524,0
14,14,6.49843224324286,3844.85810180195,1,"Monthly",96.6723078675568,3.51520451949909,0
7,21,4.96884381631389,2551.13601218909,5,"Monthly",71.8352848850191,0.764865854289383,0
3,12,4.45317020406947,3416.07585200109,2,"Monthly",94.1879190132022,3.87985454173759,0
5,18,3.20577276870608,2223.19791209884,0,"Monthly",58.5701554454863,5.36747928475961,1
9,12,6.65526308584958,3143.26096908189,2,"Annual",64.3471206538379,0.122030107304454,0
19,22,0.0769825465977192,3300.50748540089,1,"Annual",64.328539557755,6.50751383975148,0
15,11,4.03977733803913,187.171883881092,4,"Annual",20.459809191525,8.36672411067411,0
11,9,8.46745991613716,3910.17284127884,0,"Monthly",76.7148113250732,9.87575303530321,1
15,3,3.75108652049676,2737.59677540511,5,"Annual",27.2197283618152,1.73556703375652,1
18,24,8.41782798990607,2183.78053745255,5,"Monthly",36.7617720365524,2.17264173552394,1
2,9,3.99706678697839,390.261373249814,1,"Annual",22.1796458400786,4.82756166951731,0
20,1,7.34516402008012,4172.38745838404,0,"Monthly",32.5574674829841,7.70340193295851,0
6,14,7.38551916088909,2651.52062173001,0,"Monthly",21.2106144055724,6.64529620204121,1
2,19,3.26428029919043,4724.60516961291,2,"Monthly",84.3687685579062,1.95329797687009,1
9,12,7.94195486465469,1271.79814735427,3,"Monthly",59.4212985597551,5.10117686819285,1
20,24,8.10977741144598,3797.59328556247,5,"Annual",62.6909835264087,6.18681051768363,0
9,22,9.90240797167644,2289.9356787093,4,"Annual",28.8325650431216,7.82005792018026,1
6,14,8.67390762316063,4472.93950826861,4,"Monthly",25.5358284898102,1.68252144474536,1
18,12,1.62728047696874,594.915149267763,1,"Annual",20.7156965322793,7.65263593522832,1
12,20,5.91108452994376,3743.73956932686,3,"Annual",33.3792558312416,0.228795274160802,1
9,16,2.3964112624526,2173.62097348087,4,"Monthly",67.0510604605079,7.25300686201081,0
13,23,4.82182268751785,4155.52316815592,2,"Annual",63.3005330711603,0.105301483999938,0
10,22,7.40260627819225,4678.37103642523,1,"Annual",75.1782263815403,2.32250149361789,0
12,4,0.275185280479491,1338.12578744255,0,"Annual",90.4373465105891,8.07092420989648,1
2,13,9.49254230363294,4830.05967107601,2,"Monthly",34.9270757287741,7.08934473339468,1
9,5,9.35782535932958,3385.06814907305,1,"Monthly",66.1080591008067,5.30335510382429,0
18,4,8.90022571431473,32.0582033600658,1,"Monthly",97.514443192631,0.34776003099978,1
1,20,6.00394705543295,3519.51103541069,2,"Monthly",59.7689639590681,6.49964564945549,1
6,1,3.19997563259676,245.155147276819,4,"Annual",56.8710451573133,1.69146499130875,0
19,13,6.5362471435219,370.168675435707,1,"Annual",45.7543462514877,0.196881918236613,1
20,9,2.48812600504607,388.39707383886,4,"Monthly",47.6458287984133,6.02432247716933,0
20,9,8.42418205691501,4863.3871669881,2,"Annual",38.7531138397753,4.42215526243672,0
10,22,9.5509513723664,504.626773763448,0,"Monthly",53.3566794916987,4.70368303358555,0
10,13,4.54561713850126,2064.97016479261,4,"Annual",40.9124768711627,5.39025686215609,0
0,13,9.38566033029929,4905.97981843166,2,"Annual",49.1796724312007,2.70840545650572,0
20,14,1.82398959295824,137.344448594376,1,"Monthly",73.7224182486534,9.50648356694728,1
5,9,5.84932171041146,4225.37403297611,3,"Monthly",60.183211825788,9.06384246423841,0
9,2,3.9949767687358,3218.30293745734,3,"Annual",42.3673534020782,2.42735089501366,1
8,9,9.55499231815338,2281.79110912606,0,"Annual",22.8600914403796,2.55095902364701,1
11,24,1.53515012934804,4249.67636005022,5,"Monthly",65.9105327539146,7.88246911251917,1
12,15,4.96813751291484,4184.15768188424,2,"Monthly",61.6780368983746,7.35553744947538,1
17,12,7.4295149743557,2348.98208873346,2,"Annual",50.5566301196814,4.8858142318204,0
14,18,2.0670703984797,4940.65557722934,1,"Monthly",62.8368373215199,4.59946877323091,0
20,12,4.05601428123191,2731.10111127608,4,"Annual",65.0753164477646,8.23797911405563,0
0,15,4.79818080784753,3689.83431020752,4,"Annual",96.848794426769,8.19642270216718,1
10,16,4.50155603000894,4289.69410597347,3,"Annual",87.6907683350146,5.65724622923881,1
7,23,5.31849989900365,4810.47666515224,0,"Monthly",32.9523827135563,2.12671968853101,1
12,12,3.73003663960844,2474.51313538477,2,"Monthly",83.0133468285203,5.61937836697325,0
13,12,0.594306334387511,627.935979282483,2,"Annual",74.0231448784471,5.85570201044902,1
1,8,8.65531157469377,1214.88504693843,5,"Monthly",58.5932979173958,4.34438062598929,1
5,18,4.31916118599474,701.109862420708,3,"Annual",59.6210146695375,2.51920415554196,1
12,11,1.06481089256704,2577.31327204965,1,"Annual",32.8441271744668,5.35051784012467,1
2,18,3.37751651182771,4286.14216274582,2,"Monthly",49.6523181535304,5.39734383812174,0
12,13,4.30831973440945,4526.00108343177,5,"Annual",77.4114052206278,5.34208046970889,0
15,15,6.88388200476766,4068.68691672571,2,"Monthly",73.9075561985373,0.908636704552919,0
18,7,0.633009623270482,2973.46103354357,1,"Monthly",64.3202305212617,4.31890089297667,1
15,4,2.97630248125643,4039.38083793037,2,"Annual",95.9764064475894,6.41229306813329,0
12,21,4.89089466165751,3598.22965576313,2,"Monthly",32.4599551595747,4.41535930382088,0
12,21,6.85175208374858,3432.1610070765,0,"Annual",27.4805955216289,6.86978565528989,1
7,17,4.9607000942342,4965.60851344839,4,"Monthly",87.3853017576039,8.02359216380864,0
12,4,7.04121286282316,1593.93457463011,3,"Monthly",82.4581239931285,0.539779828395694,1
5,7,6.42879399703816,1885.56521199644,3,"Monthly",84.7608836740255,4.26214711740613,0
5,23,3.89998013619334,4144.24927323125,3,"Annual",47.8492482192814,0.293300624471158,1
7,5,5.07242701714858,1116.9580637943,3,"Monthly",39.5331825315952,2.01734575210139,0
4,18,4.82648588018492,4838.39559718035,2,"Annual",27.7219901233912,4.87100461032242,1
8,13,7.43885667296126,4458.42413697392,4,"Monthly",99.7070992179215,4.6234615589492,1
9,12,9.91379214450717,4462.93818065897,4,"Annual",47.8328975476325,5.06019029766321,1
10,20,4.95312364771962,496.393081266433,1,"Annual",20.0678121857345,1.02374297101051,0
0,14,9.39192594029009,418.34021336399,0,"Monthly",41.5892357565463,1.36128158541396,1
14,23,5.40178022580221,4734.40788919106,5,"Monthly",79.2677017487586,9.57167614717036,1
3,6,9.39998613204807,3412.45675110258,3,"Annual",37.9012608155608,0.643982903566211,0
6,2,9.15597705869004,1402.98018464819,5,"Monthly",45.2317446097732,9.93734729010612,0
10,23,5.23169983876869,2524.62678356096,0,"Annual",76.0610531643033,8.07231771061197,1
9,7,7.99945678096265,2525.90507618152,4,"Monthly",66.115607265383,4.89945206325501,1
7,14,2.00516173383221,2673.51977992803,1,"Monthly",82.2929292172194,3.26697238720953,1
2,5,9.29548768093809,4917.39883436821,2,"Annual",31.7624096013606,5.02805573865771,0
12,8,7.160420184955,2138.2344875019,0,"Annual",55.7228150963783,2.81838385155424,1
19,22,7.63833447825164,1461.14619565196,4,"Annual",52.2318760491908,1.63120106328279,1
15,18,5.26330109452829,514.077886473387,1,"Monthly",82.8027809783816,8.37703948840499,0
7,3,3.07803034549579,2075.00069634989,1,"Monthly",41.5757689066231,6.20667547220364,0
2,12,9.99831243650988,3148.92490045168,3,"Annual",97.5876705348492,9.31657959474251,0
8,19,5.330372559838,211.299364455044,5,"Monthly",75.2519549243152,8.36355922976509,1
15,13,0.266862048301846,4558.84465947747,0,"Annual",73.4324133209884,3.47343425266445,0
10,16,0.460326462052763,402.944795787334,0,"Annual",74.0886082872748,7.82513762358576,0
12,5,4.19632974080741,4745.69690530188,1,"Monthly",74.623185582459,6.83869874570519,0
6,5,5.82640159875154,755.245269974694,2,"Annual",81.3935367390513,4.96945540886372,1
17,19,9.31057757465169,3421.81102372706,5,"Annual",71.5823189355433,4.9516852083616,0
6,8,4.49095995398238,3598.21378951892,0,"Monthly",72.4195613898337,8.95906707970425,1
20,12,0.179297768045217,1153.8461688906,0,"Monthly",57.3680352047086,2.15508338063955,1
4,2,8.45471221487969,479.848349932581,5,"Annual",57.2542750835419,9.61372043937445,0
19,1,3.97567397216335,1399.70527379774,3,"Monthly",64.9631999060512,4.00456359377131,1
17,19,7.04364734236151,2667.45300963521,4,"Monthly",56.9287177175283,3.7769236182794,0
6,12,6.30835851887241,1352.28408966213,3,"Monthly",47.4210210703313,6.10009745694697,1
16,15,8.68461341131479,2895.48197062686,0,"Annual",97.5056362710893,6.653008305002,1
2,23,4.13076704833657,3634.3103973195,0,"Monthly",27.6551437936723,9.71256109187379,0
15,1,9.89843286108226,2020.30145912431,1,"Monthly",84.2155246064067,8.75867792870849,0
7,13,1.75727240275592,2034.04078027233,0,"Monthly",29.5557511411607,0.843429332599044,0
18,24,1.99750396190211,3909.11089372821,1,"Monthly",58.108989931643,3.86994095752016,1
17,2,4.51354387681931,4990.79565168358,0,"Monthly",23.280862364918,3.94680296303704,1
9,3,4.58573803305626,3222.12419705465,0,"Monthly",94.6623577550054,5.52811891771853,0
14,1,9.09637881210074,1971.187813906,0,"Annual",36.3596748188138,3.99805788416415,1
11,6,4.76972447475418,2421.04140226729,0,"Monthly",73.9210794307292,1.34312408743426,0
2,9,0.887759423349053,2794.32626790367,2,"Monthly",71.4079700596631,3.45335313817486,0
19,19,2.79994887299836,2793.38166583329,0,"Monthly",56.8276496604085,1.89362799283117,0
15,3,9.21441665384918,2090.42494883761,1,"Monthly",56.9485697895288,3.28213026979938,1
9,1,9.59793191635981,525.172300403938,0,"Annual",32.2896559163928,0.0845558196306229,0
1,5,8.19654438644648,1301.27385724336,2,"Monthly",62.379980944097,1.79588755127043,0
7,12,1.73560798866674,4757.05215474591,0,"Annual",70.8445366285741,2.45081572094932,0
0,6,1.08101486228406,4008.30879807472,4,"Monthly",57.8297493979335,0.0145842926576734,1
12,6,4.20516964513808,3091.76573297009,5,"Monthly",75.8021280542016,2.98799384618178,1
6,14,0.667087754700333,1494.49086980894,1,"Monthly",27.7437438443303,3.49727387074381,0
10,20,6.35189173743129,2560.80463761464,4,"Monthly",40.8874004147947,8.56858417391777,0
10,13,5.13776201056316,2504.72897198051,1,"Monthly",86.7801309376955,5.60845656553283,1
12,19,5.69845452206209,1851.45972878672,5,"Monthly",32.7272234484553,1.36855989694595,1
4,23,6.1267568427138,1945.08837885223,3,"Annual",81.0109654068947,2.84492226783186,0
1,2,4.62177668930963,1295.02832773142,1,"Annual",27.3497491143644,4.6610686625354,1
14,17,8.82229935377836,11.692593107,2,"Annual",52.4710201285779,4.91393824806437,1
4,15,4.04749235138297,4364.09451533109,3,"Monthly",35.2938312105834,3.38711499469355,0
13,3,4.85023486660793,3712.27133320644,3,"Monthly",55.0289964303374,4.02754485839978,1
4,3,5.08297946536914,2814.64440980926,4,"Annual",88.634065836668,3.5067845787853,0
16,17,6.62892994238064,2813.38358763605,2,"Annual",83.0760004371405,7.33796326909214,0
17,4,2.88729315623641,617.175716906786,4,"Annual",74.4123198278248,5.55068836780265,0
16,1,9.01343796169385,983.542480971664,4,"Annual",81.3047546707094,8.47747558029369,1
17,8,3.12642937293276,4024.80366639793,0,"Monthly",34.1503797285259,9.33517212746665,1
6,18,8.79138133954257,4567.87257455289,5,"Annual",20.0718391872942,3.90444441465661,0
12,17,8.16015849122778,3910.70189187303,3,"Monthly",24.5476658828557,1.23856039019302,1
1,22,7.95624514808878,516.566226724535,3,"Annual",92.1224362403154,6.01395722245798,1
11,21,9.31494102580473,2139.20714682899,3,"Monthly",20.2147772721946,7.5066567864269,0
2,12,6.26999587053433,188.531588064507,5,"Monthly",69.4966156408191,2.53382219467312,0
19,2,1.66675835382193,1188.17473994568,1,"Monthly",33.9586723409593,2.43942042347044,1
7,18,6.48379979655147,1230.33343697898,1,"Annual",41.0679698549211,1.80515861837193,1
19,23,4.71254442585632,834.735352545977,0,"Monthly",74.6904337592423,1.29347002133727,0
13,20,8.85438211727887,590.700663160533,1,"Monthly",36.772680953145,8.42951405793428,0
0,7,7.64146447414532,3406.48708166555,1,"Monthly",29.2789271660149,8.01593923941255,0
13,6,8.6481388262473,3925.70938100107,0,"Annual",75.9670119732618,6.0798748373054,0
20,2,6.23351085465401,2906.72946255654,1,"Annual",69.5945432037115,0.995149498339742,0
17,3,4.75474553415552,2671.26195831224,3,"Annual",97.6376775279641,1.09932588180527,0
1,11,9.33897014474496,770.646189339459,2,"Annual",96.6737668402493,1.70750599820167,1
4,6,6.42291228286922,1778.34178204648,3,"Monthly",88.1469715200365,0.538298888131976,0
9,9,2.81263759359717,2735.20469316281,1,"Monthly",21.2211459316313,8.44115113839507,0
11,3,9.54729645280167,2518.62308592536,5,"Annual",46.2932619638741,9.48147013550624,1
2,20,3.31604732433334,3457.47344079427,5,"Monthly",56.1850453913212,4.57397816004232,0
17,23,9.29404050344601,853.935322957113,4,"Monthly",38.3250157535076,7.68472035648301,1
17,23,6.90461985534057,2799.43526140414,0,"Annual",33.171948492527,9.43024037173018,0
17,2,1.64223279571161,2860.48932932317,0,"Monthly",32.8012568876147,0.816607421729714,1
14,10,3.56349976034835,4610.43663090095,1,"Monthly",86.4731415733695,9.96624107006937,0
0,12,9.26219666143879,2877.39290390164,1,"Monthly",83.8976128213108,7.12736860616133,0
7,20,9.77425882127136,4852.700966876,4,"Annual",60.1579017192125,5.78790589235723,1
18,12,4.65790583984926,2357.02450154349,4,"Monthly",42.3873318172991,9.01884902268648,1
7,10,3.06053569307551,3939.57306048833,5,"Annual",71.0725774057209,7.76542922481894,0
19,20,0.577703393064439,2494.31169824675,2,"Annual",71.5487636998296,8.66035463288426,1
18,4,6.39234275789931,158.097654348239,1,"Monthly",65.5947154760361,5.45117588946596,1
1,17,9.01903850957751,669.418146135285,5,"Annual",68.6004825122654,3.75906259287149,1
20,15,8.28102979809046,4382.30073661543,0,"Annual",67.2975275479257,2.86761082941666,0
19,23,5.33657734282315,4125.7763269823,1,"Annual",25.8163590170443,0.697169376071543,1
18,12,1.49140072055161,1067.18389783055,0,"Monthly",70.3257835656404,2.36384576652199,1
10,20,8.33239479921758,343.304000562057,4,"Annual",67.8714830987155,3.85367769980803,0
14,23,8.67148601682857,251.803607679904,2,"Annual",33.234201297164,8.59113656450063,0
17,12,9.73756213439628,4935.38897484541,2,"Monthly",38.8965295255184,3.37405981030315,0
7,2,0.796432285569608,3173.01305825822,0,"Monthly",92.0019943267107,7.67056874930859,1
9,21,8.59900549985468,4739.13260735571,4,"Annual",41.617250200361,5.94298045150936,1
1,6,1.81025056168437,2905.48853459768,1,"Monthly",94.950840882957,6.8153964355588,1
3,3,3.61821759259328,3491.930894088,3,"Monthly",84.4853922352195,8.89016217319295,0
16,12,9.84262123703957,2467.09877857938,5,"Monthly",55.2028299495578,8.12988931545988,1
11,19,4.46336326887831,440.915385261178,1,"Annual",31.2284559570253,7.49900537775829,1
19,17,8.57742166612297,1392.31169014238,1,"Annual",54.2368494905531,1.28488562302664,1
18,16,1.6178886522539,3324.95595444925,5,"Annual",97.0330854319036,3.36061304667965,1
6,14,1.88263938296586,3824.92163800634,3,"Annual",22.6252191327512,1.36188868200406,1
8,10,2.05621516797692,240.687233163044,1,"Annual",41.4687763899565,5.0306110852398,1
18,8,0.228661759756505,3153.40637345798,1,"Annual",65.248305182904,5.61595720937476,1
20,6,6.87767068622634,1968.00909237936,4,"Monthly",57.5417280197144,8.59305447433144,0
10,15,0.0474076834507287,752.464089309797,3,"Monthly",20.9693030267954,7.05645554233342,0
10,1,3.82364174118266,3927.33504646458,4,"Annual",62.6640268415213,7.80165916308761,1
11,7,9.74498331081122,432.844898896292,2,"Annual",53.5535980388522,8.7509422400035,1
16,13,7.44812821038067,3998.58197313733,1,"Annual",57.5177126377821,7.76080155512318,1
1,5,9.08157870173454,377.676323987544,3,"Annual",25.4593613743782,9.30168874328956,1
19,17,7.97411097912118,2565.75270439498,0,"Monthly",35.5352772958577,0.798467532731593,1
6,17,2.14324871776626,2343.56886474416,5,"Monthly",36.8114865943789,5.72282373672351,1
16,19,6.41870577121153,2029.38521164469,0,"Annual",76.9315676391125,4.61825729114935,0
3,6,0.871584636624902,3652.26140245795,0,"Annual",54.8131764866412,1.35430404450744,1
12,6,3.45077154226601,3019.68766492791,3,"Monthly",98.0763386376202,5.82462241640314,0
18,19,9.77361482800916,4356.58202623017,5,"Annual",76.0399078950286,1.14579651504755,0
0,10,0.670757193583995,278.582432074472,1,"Monthly",60.8612478710711,9.52452994184569,1
16,15,8.12423872295767,4352.26534376852,4,"Annual",93.5682507231832,1.66844838066027,0
3,17,5.45630075968802,1766.85536280274,0,"Monthly",32.416136097163,9.20324158389121,1
1,12,2.45398436672986,2889.14927281439,2,"Monthly",46.7971641011536,9.18415351305157,0
20,2,1.49677716428414,4825.23805461824,5,"Monthly",60.0077978335321,1.80001915432513,1
7,22,4.38511927146465,2201.50010078214,0,"Annual",53.26565887779,6.57026093220338,0
2,2,7.40853479597718,205.483104800805,1,"Annual",52.4325762875378,6.46184736397117,1
12,2,9.38773135421798,3458.15621782094,1,"Monthly",52.6982780918479,9.31929401820526,1
1,4,7.80193056212738,4741.77627591416,5,"Monthly",90.3685336746275,4.78658675216138,0
3,8,8.36730829207227,2946.694472339,3,"Annual",44.9044133163989,2.4802583293058,1
8,5,6.24004120007157,3506.4346215222,0,"Monthly",34.4489426538348,5.27413769392297,1
10,16,1.29781133960932,2313.92205692828,3,"Annual",50.3415747173131,4.79152646381408,0
9,19,1.49608761770651,1796.28747981042,4,"Annual",51.084402911365,1.33554419502616,0
13,2,6.21104315156117,3049.10749313422,5,"Monthly",80.9759948030114,7.37880134256557,1
0,5,2.25083305966109,4936.88487447798,4,"Monthly",87.7640183828771,2.21438449108973,1
0,19,8.50951950764284,1612.2352797538,0,"Annual",96.8405312113464,6.39410394011065,1
13,10,3.11534900218248,2419.83492043801,5,"Annual",67.264657355845,9.3422151170671,1
19,5,7.86516041494906,4995.00698642805,5,"Monthly",95.3316240943968,1.19874171447009,0
20,13,5.58523077750579,4854.47908402421,0,"Annual",90.6095754913986,6.6187735227868,0
10,3,8.09179365634918,21.805209107697,3,"Annual",56.3575877062976,0.686325789429247,0
8,16,9.90776044782251,2549.47304027155,4,"Monthly",23.7685013748705,2.40230147959664,0
18,12,2.81538711627945,4667.967177229,5,"Annual",77.6745554432273,0.0723513821139932,1
4,4,1.7861168901436,3550.06962316111,3,"Annual",38.6595787666738,0.390723564196378,1
20,4,7.21107655903324,4971.00482578389,2,"Annual",42.3722911067307,7.42218261351809,1
1,4,0.155087565071881,1414.32583681308,4,"Monthly",39.3156187050045,3.83423009654507,1
8,17,9.74935577251017,2546.97100026533,0,"Monthly",25.2644040994346,7.24899458233267,1
2,1,4.52083129668608,883.081959327683,2,"Monthly",56.3721736893058,8.35638977820054,1
11,18,0.485113670583814,4185.2017166093,2,"Monthly",75.8392968773842,4.9764005606994,1
1,4,2.00666110729799,113.635857123882,2,"Annual",28.3156518638134,7.95500527136028,0
15,24,1.05162369087338,1768.52645701729,1,"Monthly",71.4744541421533,9.79068553773686,0
17,8,0.14911244623363,1334.74171860144,0,"Annual",42.9126702435315,1.48713872069493,0
16,10,9.32255169609562,4371.19450187311,5,"Annual",95.5932941287756,6.08836939092726,0
19,10,1.90975271631032,3832.1580120828,3,"Monthly",22.5209742411971,8.48940253257751,0
7,2,9.70407928340137,4266.55766321346,1,"Annual",54.4901552796364,3.09782761381939,0
7,21,3.54358647949994,675.954989856109,2,"Annual",78.6033619567752,3.62765918718651,0
18,19,9.32330789044499,743.158204713836,2,"Monthly",23.4613843075931,8.79043020075187,0
14,3,1.35187864070758,615.669029066339,4,"Monthly",46.95372518152,4.95960894273594,0
5,20,8.54196442756802,462.880315026268,4,"Annual",68.9698372408748,8.42346961610019,0
2,20,7.62899299385026,1651.8247674685,4,"Annual",67.4056736938655,3.34803120465949,1
0,3,6.4039276028052,3375.13673235662,2,"Annual",25.1862414367497,2.39895203383639,1
14,19,8.17965852329507,2816.09216355719,0,"Annual",56.398958414793,6.70770466094837,1
3,18,5.0241424748674,714.965631486848,4,"Annual",30.5558663792908,5.27331767603755,1
8,16,3.72664280002937,1552.20503918827,3,"Annual",77.9614880308509,0.318783151451498,0
0,13,8.90731075545773,4596.17040585726,1,"Annual",45.7564764842391,8.12575270887464,0
10,14,0.692252570297569,4436.57099734992,3,"Annual",72.8117823414505,8.38930831290781,0
5,15,0.739959685597569,3505.25331683457,5,"Monthly",46.0969180986285,8.29218227416277,1
19,10,7.23801170708612,3075.49218880013,4,"Annual",22.7614327333868,9.19244987191632,0
13,5,9.53450051601976,3586.40133636072,4,"Monthly",26.7376726865768,4.47106168372557,0
8,2,1.96310266386718,2428.12125128694,1,"Monthly",28.0291403084993,9.16344875935465,1
5,14,4.36100081074983,3129.68207057565,1,"Monthly",88.225353769958,0.992941034492105,1
11,7,2.0329269929789,675.484780222178,1,"Monthly",34.1229030489922,0.48400409752503,0
16,16,9.25662527093664,3280.80512932502,2,"Annual",69.6022976748645,9.51659830054268,1
10,4,5.59265327174217,873.646041145548,1,"Annual",22.623613383621,0.979133469518274,1
8,23,3.75057442113757,4458.98889563978,0,"Monthly",34.3290832079947,5.54317248053849,1
17,18,1.64496044628322,3387.71170587279,2,"Annual",21.3146170973778,3.19004873046651,0
10,9,9.70384953077883,2704.23082401976,1,"Annual",35.9194625355303,3.2119354698807,0
18,13,3.84117488749325,1849.03707238846,5,"Annual",87.0431474782526,6.03301072493196,1
0,1,4.85603495268151,3341.20983956382,4,"Monthly",28.7880086153746,3.79640990868211,0
10,18,2.20360898878425,4328.36035033688,0,"Annual",56.9002616032958,4.8269284912385,1
16,12,3.34819205338135,2797.33562259935,0,"Monthly",70.992348715663,3.31486461451277,1
16,17,6.52575699379668,255.808007204905,4,"Monthly",55.3826679289341,4.285174428951,0
7,4,7.53061972092837,4188.38216224685,0,"Monthly",84.8635325208306,0.438346182927489,0
10,12,1.98691059602425,3156.3008739613,3,"Annual",50.4637358337641,2.52119113923982,1
17,7,2.85757013829425,1482.38869267516,0,"Monthly",45.9941067919135,4.31998175568879,0
0,2,1.99401782825589,1499.55338449217,0,"Monthly",31.5991682559252,9.36789329862222,1
5,12,5.66495402250439,371.162591036409,5,"Annual",87.6537598669529,8.38623349322006,0
1,7,1.68052816297859,4641.5853232611,0,"Monthly",75.9896669909358,9.52583292499185,0
13,14,9.43631145870313,2005.74489776045,5,"Annual",49.982634074986,9.8886240250431,0
4,17,5.04408085020259,3326.87588525005,1,"Annual",69.5913832820952,1.06854964513332,0
0,13,0.470694676041603,124.837488401681,1,"Annual",68.1479071639478,2.95997583772987,0
17,8,8.87807224411517,763.254872290418,4,"Monthly",57.5564500875771,1.84454302070662,0
3,17,1.9677759683691,740.119505207986,4,"Annual",89.4293501600623,4.25011632731184,1
14,2,1.87034182948992,477.133808890358,4,"Annual",72.6034669391811,2.19942096387967,1
6,5,5.66126395249739,2471.8258716166,3,"Annual",37.6020112633705,7.4449017830193,0
13,4,5.86324888747185,2953.99715774693,1,"Monthly",89.0558714978397,4.8734210152179,0
9,8,9.69971419079229,749.383654911071,4,"Monthly",63.5859123617411,4.33634819462895,0
2,7,2.55874418187886,1897.067935206,4,"Monthly",25.2288849279284,0.232769392896444,0
6,8,7.9930203827098,3943.41196748428,5,"Annual",76.1988308094442,2.95714285690337,0
4,15,1.38183720642701,2332.97282480635,0,"Annual",80.5949373543262,4.06400764826685,0
5,11,2.44926259387285,2396.62355161272,1,"Annual",46.8946512974799,3.69401453295723,1
4,22,8.62392357317731,2170.91996455565,5,"Monthly",86.8890239857137,2.4159946735017,1
20,20,6.17855088086799,833.290418377146,1,"Monthly",64.725986123085,5.88194946758449,0
17,11,2.846009361092,3718.85081054643,1,"Annual",55.1013424992561,2.88941476261243,1
8,21,6.53352172812447,4068.47377773374,4,"Annual",72.4127097055316,0.124903155956417,1
2,18,9.47470818180591,706.121844705194,0,"Monthly",52.4148223549128,5.47063239384443,1
2,12,4.59056560648605,1765.80186234787,1,"Annual",90.5664495378733,2.60179190663621,0
8,24,2.46045007836074,4998.70324041694,3,"Annual",76.1168898642063,0.402027962263674,0
12,23,5.31766138505191,3636.48161990568,2,"Monthly",85.6781715713441,5.5152166634798,0
6,19,7.44408481288701,3078.2597605139,5,"Annual",27.4421861954033,4.22096595633775,1
9,3,1.5399575419724,2752.9880637303,0,"Monthly",47.7205139771104,6.91703210584819,1
16,12,8.66649573668838,1479.25050812773,4,"Monthly",68.0082111060619,1.62878629053012,1
1,9,6.4468790916726,2265.53232874721,3,"Monthly",78.3054092153907,1.6337334481068,1
19,7,9.83851720811799,2212.22428954206,5,"Annual",63.4136817231774,0.810075651388615,1
16,2,1.60317560657859,781.169984256849,5,"Monthly",95.1807265356183,2.7477959706448,1
11,10,2.02994771301746,3530.67852789536,5,"Monthly",73.0612153187394,1.21939580189064,1
5,6,8.39834884740412,20.7607971969992,3,"Annual",41.1740970052779,0.458031506277621,1
18,20,5.30451899161562,3685.08378393017,2,"Monthly",60.4688743501902,0.410237135365605,0
9,12,1.16224504541606,118.348787073046,5,"Annual",93.7669486366212,6.78312618751079,0
15,5,8.25318204471841,189.804165856913,3,"Monthly",60.2832994796336,8.29922319855541,0
0,20,8.44786949921399,310.074889566749,4,"Annual",26.8191721849144,7.3662813869305,1
9,17,3.07950990041718,97.0391312148422,2,"Annual",49.821364749223,6.14446701016277,0
6,20,9.03204076224938,1130.24724763818,5,"Monthly",34.7880942933261,4.70457446528599,1
1,6,7.24029280710965,2320.90297038667,4,"Annual",76.9098276644945,5.63377828337252,1
3,2,8.83329523494467,4358.58217882924,0,"Monthly",64.3623355962336,5.11153599480167,0
19,3,3.33361009601504,3993.24057507329,4,"Monthly",36.7355283908546,5.27078629937023,1
7,12,9.96251401025802,1354.39214063808,2,"Annual",23.5324361920357,0.0600075931288302,1
14,16,1.2853595148772,2830.08145401254,5,"Monthly",84.9623113684356,6.99439435033128,1
13,11,0.278182437177747,146.839773515239,3,"Annual",70.0506077706814,9.21243268530816,0
16,20,0.126375698018819,4237.21184371971,3,"Monthly",31.8958247825503,8.71995389927179,0
4,9,2.20959644997492,870.151007547975,1,"Monthly",21.3234220445156,3.80861275130883,0
16,24,6.96597549831495,3282.97600150108,5,"Monthly",68.3604173362255,7.53952153259888,0
16,18,0.323440656065941,3206.63575432263,4,"Monthly",38.3125548437238,2.74482714710757,1
15,7,3.66210400825366,3298.40397811495,3,"Monthly",62.7084572054446,0.23182041477412,0
19,13,5.13410246698186,3085.51084366627,0,"Monthly",33.6450602859259,5.07843573810533,0
5,10,9.57090516574681,4767.69757689908,0,"Monthly",99.4852197356522,6.95737953530625,0
2,15,1.04291332885623,863.455676008016,3,"Monthly",85.9875951521099,7.26623334223405,0
13,12,1.32130199344829,720.467135543004,0,"Monthly",60.0260706990957,4.87049412447959,1
8,9,6.18419934995472,1432.82842007466,3,"Annual",30.8623003587127,9.42219854332507,1
11,24,3.12605079263449,1072.01624428853,4,"Monthly",27.7319696359336,3.85052077937871,1
8,14,4.89203439094126,2721.92310658284,5,"Annual",92.2162677161396,6.51198427192867,1
13,2,7.90262470487505,3255.90755790472,2,"Monthly",41.0613108985126,5.63123589381576,1
2,1,0.153130902908742,1425.40562083013,5,"Monthly",36.6746722348034,1.30316500784829,0
3,14,3.97042884957045,3001.25820562243,5,"Monthly",37.794760838151,1.80353465722874,0
2,22,6.73860567156225,2631.2140095979,4,"Annual",49.4087338261306,4.68401821097359,1
6,13,6.87246294459328,71.8255911488086,2,"Annual",83.6352217756212,9.99679790111259,1
0,15,9.04117749538273,4063.15264292061,1,"Annual",36.2823623791337,5.42820695089176,1
4,3,9.11937647731975,3523.21292157285,2,"Annual",27.0059434138238,6.51126524433494,1
3,19,2.64564360957593,3106.23637284152,3,"Monthly",88.7345729582012,5.65230777021497,1
7,13,9.8525284207426,492.72523378022,5,"Annual",41.8374096043408,7.8699166350998,1
11,17,0.677608447149396,3366.75208760425,2,"Annual",27.3685139976442,8.37551409611478,0
11,6,5.20491471281275,550.925808493048,3,"Annual",86.9245421886444,2.3209789255634,1
11,6,8.84230737341568,3792.52680577338,1,"Monthly",81.6257551684976,4.65230552479625,1
14,8,2.00988551136106,4789.63182889856,3,"Monthly",46.6697028838098,5.24360027164221,1
8,19,5.89163458440453,814.145072363317,1,"Monthly",86.8507600575686,2.17170478310436,1
2,12,1.39046097639948,4385.24211291224,1,"Annual",67.5514698773623,7.97802418237552,0
2,9,9.3281670822762,1624.04972594231,0,"Annual",48.2524363137782,9.18131498619914,0
8,23,2.92349885916337,1135.90674591251,5,"Annual",72.6365800574422,1.04128674603999,1
6,14,2.68464542226866,3107.32046957128,4,"Annual",27.7318269200623,9.969769672025,1
11,6,3.34868244128302,4761.0510524828,0,"Annual",59.4308373704553,3.59035870293155,0
12,14,2.16044110944495,220.579892629758,0,"Monthly",81.2669328041375,3.81949321599677,0
16,2,1.12948168534786,1490.80433067866,1,"Monthly",74.2081136256456,1.45553538808599,1
14,19,8.67131066974252,695.121239405125,0,"Annual",33.2754769362509,8.26409351546317,1
14,23,7.2501096338965,4240.88764004409,3,"Annual",50.3964229486883,6.85308350715786,0
19,9,9.35861096018925,2172.98072529957,5,"Annual",34.9942770041525,8.60465443693101,0
2,8,9.2276168288663,4578.50136561319,1,"Annual",88.4032948687673,5.90394333936274,1
12,13,1.09743817476556,794.155373005196,2,"Monthly",39.7030567750335,8.21238730335608,0
18,11,3.28774871770293,4542.02990746126,2,"Monthly",96.501927934587,0.762452888302505,0
1,14,7.33472878113389,4510.6427592691,3,"Monthly",34.0089191868901,3.4229223546572,0
4,6,1.49092496372759,4475.99076898769,1,"Monthly",28.9872317016125,2.86558490479365,1
8,1,7.03887367155403,4599.15763698518,3,"Monthly",96.1099432967603,7.46815570397303,1
17,19,1.01349949138239,1934.64043783024,2,"Annual",96.2712006270885,4.44111111573875,1
0,21,6.16901854751632,1504.3106849771,0,"Annual",78.4348669275641,8.90098298201337,1
3,8,7.79395020566881,1461.40110329725,1,"Monthly",24.3805951811373,1.1873197928071,1
17,13,5.78797780442983,3310.42410689406,1,"Annual",70.6048008799553,9.98600093182176,1
4,11,5.12573625193909,4475.32910271548,2,"Monthly",73.3839472942054,6.45418038358912,0
2,7,2.8764815046452,845.806628931314,2,"Monthly",42.5843648053706,6.55299861216918,1
9,12,0.283994772471488,2357.0560652297,0,"Annual",98.6862998828292,4.14760776096955,1
6,9,3.10294526163489,1605.19102122635,0,"Annual",88.2636957801878,5.28518449282274,1
13,15,4.50754566118121,1237.40726150572,0,"Annual",52.1122295036912,8.84869313798845,1
9,9,0.872753483708948,1674.34132890776,5,"Annual",32.3766584508121,1.7139217723161,1
9,21,5.00131002627313,763.412145897746,3,"Annual",51.608277503401,2.93045405996963,0
20,11,9.99110245145857,3901.60967363045,0,"Monthly",53.3413928747177,5.0534550473094,0
8,15,1.99396639829502,4517.3481432721,2,"Monthly",89.0052582882345,5.59080643812194,1
6,11,9.03567238943651,2643.35525338538,2,"Monthly",89.1986633092165,7.5991022749804,1
5,22,1.10979912569746,3878.96356056444,4,"Annual",28.681878708303,1.19671768974513,0
19,21,6.05997018283233,2941.41494901851,4,"Annual",34.0171791613102,7.47196746291593,0
7,12,3.25279407668859,4652.55951392464,1,"Monthly",42.7971986494958,6.76737210480496,0
4,14,8.61253499286249,946.069566998631,1,"Annual",61.1914329230785,1.82419465854764,0
18,21,2.412398327142,1338.86479772627,2,"Annual",52.7375483885407,3.58736352063715,1
19,9,3.00135805504397,2760.8440129552,5,"Monthly",37.6739244163036,5.01902833580971,0
10,11,2.50034752069041,3012.23739748821,4,"Annual",68.2580030336976,0.271316736470908,1
16,1,7.13619866874069,3046.97196930647,5,"Monthly",47.9334827698767,1.39418526086956,1
6,8,0.106387680862099,693.121462827548,1,"Monthly",23.6530979909003,5.0711428374052,0
9,11,4.26265541929752,4052.6290552225,2,"Annual",58.2825140282512,6.57782512018457,0
11,12,4.40645473310724,2671.77824047394,4,"Annual",48.5432985052466,6.40028189402074,1
3,11,6.49151439778507,1522.51915424131,0,"Monthly",54.018056858331,5.36184976808727,0
19,2,8.28610745724291,993.599547073245,5,"Annual",82.8144238889217,7.57270624628291,0
2,3,5.82211012719199,2784.92307290435,2,"Annual",86.6321955062449,8.87850113213062,0
0,24,8.76233539078385,3256.63552852347,0,"Monthly",65.0808236934245,6.84526180615649,1
15,15,2.84076712559909,3144.75811319426,5,"Monthly",78.744951877743,5.59869718039408,1
4,3,9.80976706603542,2424.94515608996,0,"Annual",49.7419740073383,4.8327162140049,1
18,9,7.92086424306035,746.967837912962,3,"Annual",83.4632646664977,8.42965764459223,0
16,9,6.0460695088841,4629.27759159356,1,"Annual",65.7840748876333,8.94366277847439,0
10,20,8.11753742396832,445.08965802379,3,"Annual",84.1076651029289,7.2254175436683,1
0,2,1.46398898679763,3122.31679563411,3,"Monthly",33.5775777883828,9.48004542151466,0
0,6,2.58449024287984,3837.56228839047,1,"Monthly",92.6816131919622,1.97914241813123,1
17,5,6.92286596400663,1715.56765912101,4,"Annual",55.1397689059377,0.89549409924075,1
2,17,3.09080402832478,4039.71383231692,5,"Annual",67.182063292712,0.679410072043538,1
4,23,8.64300176268443,204.543392173946,4,"Annual",28.2774454541504,6.73354295780882,0
6,23,6.81130679789931,3142.05279340968,2,"Monthly",79.462893307209,4.83773013809696,1
5,20,9.70386523753405,1626.69359124266,1,"Annual",94.7335310839117,5.74633723124862,0
15,9,1.23972425004467,4087.79526129365,2,"Monthly",49.3348533473909,9.85929490532726,1
12,11,7.91389946592972,1394.54178046435,4,"Monthly",70.1960611529648,0.0699610449373722,0
0,23,5.59244509087875,4143.56568595394,4,"Annual",56.3067651353776,7.77339323889464,1
18,3,9.21940201660618,4372.4950379692,2,"Monthly",66.3974365033209,7.13461922947317,1
17,21,2.83144356682897,4450.13858028688,4,"Monthly",76.317524574697,6.99667254462838,0
9,9,6.69730787398294,3381.47506234236,4,"Monthly",21.6803831420839,3.6364466836676,1
13,9,1.89484949922189,2672.08487959579,2,"Monthly",49.4239704124629,7.3883330123499,0
9,11,1.00712605752051,1391.65567583404,1,"Annual",29.004991389811,6.17609251756221,0
1,2,2.17057737288997,3940.34647615626,5,"Monthly",48.3237108774483,9.01406865566969,1
15,23,1.94516265066341,2950.71907457896,2,"Annual",61.27829330042,4.7687121364288,0
8,8,0.606133730616421,1090.2562958654,1,"Monthly",68.599216081202,9.54324360704049,1
16,20,9.70418886980042,2766.78562164307,3,"Annual",46.6212367266417,5.27432148111984,1
1,3,2.53572368295863,1037.01501269825,2,"Monthly",95.0176581926644,8.32548234146088,1
14,17,7.59310798253864,3145.23008768447,3,"Annual",82.1718032844365,0.662847692146897,0
7,15,3.94367841072381,4829.64319409803,0,"Monthly",26.5582317300141,9.01794929988682,1
2,16,2.5215599918738,1915.18869716674,0,"Monthly",88.0545160919428,0.992637346498668,0
1,1,7.96617906773463,2609.1796415858,2,"Monthly",45.4874936491251,8.49664315814152,0
16,3,2.4018290406093,4409.94451288134,3,"Annual",30.6177626363933,1.79000523639843,0
2,13,1.49700521025807,667.746535036713,4,"Monthly",71.8892323225737,9.19855932472274,1
10,12,1.78598686121404,4524.11734382622,2,"Annual",53.7952324189246,3.75073808711022,0
4,15,9.37988409772515,2217.21511683427,2,"Monthly",70.0212847068906,8.76406141091138,0
0,21,5.59015363454819,604.544515954331,4,"Annual",97.3804025910795,7.56272085243836,0
2,6,7.29100838769227,1486.46341171116,0,"Annual",26.2854823283851,0.548733007162809,1
13,17,4.01286966633052,4202.01902044937,1,"Monthly",80.202898606658,3.43740939162672,0
5,16,2.26424944121391,147.875236580148,0,"Monthly",38.3789359219372,2.26137650897726,1
15,3,1.73155467724428,1137.66341470182,4,"Annual",86.9502404890954,7.19872589921579,0
9,7,9.90743041271344,2329.95710917749,0,"Monthly",30.4790709167719,4.05495404964313,0
7,21,8.87664133682847,2938.95773240365,3,"Monthly",36.6842548549175,2.15316970832646,0
8,2,0.79412562539801,3726.42667149194,2,"Monthly",58.5462915711105,4.91831973893568,1
2,7,5.07406508317217,4207.86675415002,1,"Annual",87.1865477599204,9.36873028753325,0
1,14,8.90688719926402,4103.90301141888,1,"Annual",92.4402697011828,9.75198590895161,1
5,13,7.75724132545292,3446.98749249801,5,"Annual",23.7796629965305,4.95912723476067,1
1,8,0.979234871920198,2650.6313146092,1,"Annual",59.9495087750256,6.51674635475501,1
15,18,3.51949435425922,2483.15599397756,1,"Monthly",50.4019553400576,3.81435207556933,1
8,7,7.38759625935927,4843.83160830475,1,"Annual",53.281434495002,8.56919847661629,0
4,12,5.69440030492842,2691.47056620568,5,"Annual",41.9238801300526,8.54635128984228,0
16,23,5.44267772696912,3163.87175349519,4,"Monthly",99.0308308973908,3.93113556550816,0
11,20,8.4932046988979,4938.98947024718,0,"Monthly",93.9818890765309,3.01312957890332,0
19,10,2.7733932598494,37.2342090122402,1,"Monthly",41.7740263789892,5.74309488292783,0
3,24,7.50392054906115,4622.94543161988,5,"Monthly",49.1581778600812,6.71051993966103,0
5,19,1.8246348015964,4673.63511561416,2,"Monthly",63.6248682253063,4.28959214361385,0
1,20,8.26719622127712,2520.76007425785,5,"Annual",48.0345902219415,0.407214318402112,1
2,13,5.99489526124671,1023.02405284718,4,"Monthly",49.5128353871405,4.37785383313894,1
17,15,0.338777017313987,1870.9202716127,0,"Annual",38.7177011743188,1.74475851701573,0
16,18,5.0471409317106,1751.58498459496,4,"Annual",34.5703137107193,9.63228249689564,0
17,15,5.70326073328033,4836.19319391437,2,"Monthly",63.1857472471893,0.203344714827836,1
10,14,7.1366912452504,2600.19753710367,4,"Annual",78.2156304083765,6.21150566497818,1
7,15,4.23946351278573,2679.1324140504,4,"Monthly",75.6101377867162,2.9193724761717,0
6,10,7.2098550782539,1135.20892104134,0,"Monthly",44.0440968424082,6.42517825122923,1
20,10,2.57781937019899,3282.24839409813,2,"Monthly",24.7082614898682,6.31278081797063,0
19,20,9.18342786142603,1314.57469775341,3,"Monthly",84.1967663355172,4.83280611690134,1
0,24,2.87502277176827,4523.99743604474,1,"Annual",56.112851370126,3.77722790464759,0
18,21,9.38778957352042,3264.36424744315,2,"Annual",47.3298875056207,2.74592271540314,0
15,6,9.53107961220667,1349.27064646035,1,"Monthly",94.8509788885713,2.29094626381993,1
7,6,1.43501925980672,52.6105298195034,2,"Annual",55.489246211946,4.19756930088624,0
19,9,6.66596594033763,1658.03499286994,1,"Monthly",46.2676830403507,8.26139827724546,1
17,6,9.43008679896593,2756.72787684016,1,"Annual",36.6281337663531,1.12300863722339,0
20,7,4.42510735243559,1755.95667911693,3,"Annual",35.3537110053003,2.03922102460638,1
9,4,4.60061255376786,3416.27989313565,0,"Annual",49.79087844491,4.92210607277229,1
9,21,8.26141228200868,2840.08566639386,0,"Annual",78.0962444469333,7.65788174467161,1
18,1,6.79757409263402,2741.99085542932,1,"Monthly",71.7874532751739,2.25414541549981,1
12,3,2.92705954518169,39.169592782855,4,"Monthly",78.1701480597258,7.1539971511811,1
11,10,6.20732734212652,3962.65573916025,2,"Annual",21.8439616635442,8.82797400234267,1
7,2,5.55215799948201,1689.55441564322,0,"Monthly",26.2111221812665,1.82333556003869,0
20,4,5.40066721849144,3923.97957155481,2,"Annual",32.7048771828413,9.34499556431547,1
5,21,9.26032254239544,3801.38761596754,3,"Monthly",96.6256041638553,5.73769545648247,0
6,8,3.15735295182094,3822.02039589174,4,"Monthly",68.9381408877671,1.20921504916623,0
6,2,3.69707523379475,3112.03299905173,4,"Monthly",66.0792605765164,1.61501107504591,1
4,12,3.45992431044579,4725.50449310802,4,"Annual",30.832489375025,0.978450945112854,0
0,12,2.1209989534691,3185.35418482497,4,"Monthly",96.5467063523829,8.38321739574894,0
18,22,9.36801756499335,1521.51438640431,0,"Monthly",86.9825326092541,3.13835808308795,1
10,16,2.91745448717847,281.357812928036,3,"Monthly",31.4079930633307,8.26088729780167,0
1,12,9.95772792492062,3000.85687311366,2,"Annual",32.3732663504779,4.76199248339981,0
17,15,1.46676094969735,2928.54711646214,2,"Monthly",63.7078898027539,3.3894369774498,1
9,10,8.51459353230894,2145.68132301793,0,"Monthly",35.5055483989418,5.50957047613338,1
5,19,5.99735477473587,2271.60851936787,3,"Monthly",52.9257088527083,9.84687072923407,1
20,24,8.36313682608306,3762.22336548381,0,"Annual",52.8173642605543,7.87545098457485,0
3,11,6.28491940442473,2540.56588630192,4,"Annual",97.9127315431833,5.68690435495228,1
11,7,4.54134998610243,1546.31294775754,2,"Annual",51.4129464887083,1.54796714661643,1
20,3,8.039104945492,4070.07623463869,5,"Annual",37.4800918251276,7.08861059742048,0
5,22,1.21455067768693,1308.3808706142,3,"Monthly",51.986298430711,5.97334322752431,1
16,8,9.64208592660725,4631.01619738154,1,"Annual",82.8393770754337,6.47304628510028,0
13,7,5.36774076521397,3217.12374105118,3,"Monthly",72.8970544412732,2.61449871351942,0
0,10,9.2002516053617,2002.54301307723,4,"Annual",30.7750382088125,7.99365304177627,0
10,19,5.41264392435551,2151.1915139854,0,"Annual",77.3190939240158,2.73492360021919,1
19,19,1.05505221057683,1375.48196013086,4,"Annual",69.6686189807951,0.547544558066875,0
18,3,5.58367125224322,1162.93251863681,1,"Annual",22.7611212432384,7.08533864701167,1
4,23,9.77201713481918,2010.83731721155,1,"Monthly",90.6076963245869,6.4486172166653,0
2,1,4.94838818674907,2504.56424080767,2,"Annual",86.3832226395607,5.49379909178242,1
12,20,5.5538495327346,3903.21393380873,2,"Monthly",98.6382834985852,0.757541065104306,1
18,18,9.19632142875344,3491.63936101831,3,"Monthly",92.8452705591917,7.61010939022526,1
20,3,3.49500594194978,2264.00598883629,4,"Monthly",37.738236412406,7.20136095769703,0
17,2,9.44276965688914,2108.74925018288,1,"Monthly",38.0226772278547,2.05057755345479,1
19,16,9.68247245531529,1690.6332236249,0,"Annual",51.6359369084239,4.45004712091759,0
13,7,8.4192025125958,1189.42486820742,4,"Monthly",22.3669390194118,5.34559771418571,1
1,1,6.65985764702782,2395.47243458219,5,"Monthly",81.2404649890959,9.2324192635715,1
0,3,2.31025797082111,3424.78622915223,3,"Annual",24.0471981838346,4.29197279270738,1
13,4,9.58255398552865,4560.61934237368,5,"Annual",21.3212168030441,8.47394708776847,0
6,20,5.51277017220855,627.266647061333,0,"Monthly",22.2308447398245,8.46996892010793,1
14,5,4.82642045244575,893.081113463268,2,"Annual",25.7216574437916,8.47405025502667,0
5,4,9.29919228889048,2228.03745418787,2,"Annual",69.6986512094736,4.88862266764045,1
11,6,2.32363369083032,1889.93606716394,0,"Annual",63.5401303507388,6.41021742718294,0
19,14,7.4246005457826,2091.04027366266,2,"Monthly",78.9608811587095,2.12744483258575,0
10,14,0.246513821184635,727.64559648931,0,"Annual",39.3503501825035,2.23502494161949,0
9,7,2.44727716082707,4854.59393705241,2,"Annual",94.3803886324167,7.63866575667635,0
16,2,8.70100286556408,4937.06860928796,5,"Annual",82.3071736097336,6.16625781171024,0
9,24,3.81177614443004,70.7816984504461,4,"Annual",70.1495191268623,7.00317536480725,1
18,16,1.8724768050015,1590.42212879285,4,"Annual",84.2737698741257,9.95643222006038,0
9,4,1.55995515873656,3036.46211628802,0,"Annual",85.7703424058855,7.92580699548125,1
8,17,8.08220982551575,4087.73193485104,0,"Monthly",99.9619626626372,5.12075940612704,1
7,14,8.10991838341579,2999.73493558355,2,"Monthly",43.104310426861,5.67709797993302,1
18,13,5.47716272994876,2575.61522070318,4,"Monthly",33.6310249380767,7.61727561475709,0
6,19,2.93583947466686,2595.64230684191,4,"Monthly",32.8297460451722,2.01111250091344,1
15,5,6.81691814912483,2151.98743506335,3,"Annual",33.2310757786036,4.47008374845609,1
7,7,8.43605081550777,4579.00620065629,3,"Annual",68.4324026666582,0.687194515485317,0
20,11,8.97357958834618,1794.11055403762,4,"Monthly",46.0234827362001,9.19299846282229,0
15,9,9.15977153461426,1559.64093282819,5,"Monthly",70.5614430271089,8.64455091301352,0
20,21,3.13725966727361,1054.03894209303,5,"Annual",46.7070683091879,4.38076078891754,0
10,11,8.27288678847253,2450.07371297106,0,"Monthly",21.5257461369038,8.25169586809352,1
9,12,3.22207915829495,4550.66650989465,3,"Monthly",86.8251008726656,2.74726316332817,0
19,22,3.43804429052398,4067.94728594832,4,"Monthly",86.0689274966717,5.1542873843573,0
17,4,4.08362860558555,3671.59892339259,3,"Monthly",29.6140764653683,9.46967785479501,0
15,2,1.39623356284574,1878.24173131958,3,"Monthly",41.5933451615274,0.0831335363909602,0
7,22,8.55508162407205,2562.08676029928,4,"Annual",52.7558624185622,7.06861843820661,0
20,20,2.16555834049359,2492.31675756164,4,"Monthly",56.429989784956,4.61649069795385,1
4,16,3.1746985972859,683.886507758871,2,"Annual",74.5736410282552,9.30032225092873,1
17,17,5.41398041881621,2253.57318529859,2,"Monthly",32.4247331172228,7.93620023177937,0
14,18,4.30339350365102,1566.68403884396,3,"Monthly",89.4451170042157,4.20259248930961,0
1,24,3.6490309657529,3669.06933719292,4,"Monthly",79.0191812627017,3.11531044542789,1
0,2,7.87078270222992,4148.64348131232,3,"Monthly",43.8375959359109,6.44188973587006,1
9,3,8.69586281245574,2723.01620570943,2,"Monthly",48.4337599389255,6.22349116019905,1
8,21,7.81935124658048,799.932548543438,5,"Monthly",47.4974006414413,9.34593808604404,0
0,9,5.05931868683547,1135.93266927637,0,"Annual",26.2087988294661,1.49747575167567,0
16,14,7.87217150442302,1418.52458938956,2,"Monthly",91.0021246597171,1.73507187282667,1
12,14,0.155168115161359,937.618896132335,4,"Annual",69.0995068103075,6.96232652757317,0
5,2,5.19560902845114,3916.18645982817,3,"Monthly",30.8295926637948,5.67511215806007,0
11,20,8.11107259942219,2327.80353631824,0,"Monthly",23.9751689322293,0.915135273244232,0
18,1,7.77152864728123,3242.67158634029,5,"Monthly",22.1706538461149,0.0855572940781713,1
0,23,9.70718742115423,178.531535202637,5,"Annual",53.9646786637604,2.9054864984937,0
10,12,6.12558288499713,1371.16867932491,3,"Monthly",70.3972719609737,5.59624068439007,1
15,13,3.07055345969275,2984.5900030341,0,"Annual",60.6192483380437,8.91710303490981,1
13,5,2.63427212834358,4753.97698231973,0,"Monthly",27.6622099429369,1.49816947523504,1
18,1,6.43030459061265,573.505928041413,4,"Monthly",99.7241646051407,4.12090713623911,1
20,8,9.64414471527562,584.362720837817,5,"Annual",51.0629030689597,2.97616458963603,0
4,8,4.00729248998687,3161.31777130067,3,"Monthly",75.625161267817,9.22335932729766,0
7,23,0.312303635291755,4607.82507434487,0,"Monthly",32.4907928332686,0.491457874886692,0
20,11,1.26233638497069,4927.72648227401,1,"Annual",28.1158405728638,6.42582455417141,1
18,3,8.01092051435262,3961.13507449627,2,"Monthly",52.265563737601,6.43606594996527,0
15,14,3.08948496123776,4953.34665756673,3,"Annual",71.736345756799,8.9099655719474,0
11,21,6.33699505124241,89.8576353210956,2,"Annual",37.2492299601436,8.28125689877197,1
14,1,4.38346830196679,2893.93240469508,4,"Monthly",56.8529628403485,4.73472460638732,0
6,23,5.09086164180189,3127.89205112495,1,"Annual",90.1562604121864,6.43437582766637,0
0,9,3.48783872788772,603.72335719876,0,"Annual",66.982115060091,7.52083135070279,0
14,7,2.70467403111979,3942.20721093006,3,"Annual",43.3980076573789,5.34251524833962,1
7,1,6.1719068675302,4295.4032169655,1,"Annual",24.2444048821926,7.03074236400425,0
5,23,3.97228738293052,1071.36726262979,3,"Monthly",97.6836232841015,0.690886925440282,0
10,23,0.848270908463746,4967.98261883669,4,"Monthly",96.2887297198176,3.51450671209022,1
1,3,9.64515073690563,2478.72428852133,2,"Monthly",92.3482014425099,0.925132140982896,0
0,1,8.40574383037165,2076.63964130916,5,"Monthly",76.9326642714441,9.44758443627506,0
19,14,4.61363488342613,261.196827050298,4,"Annual",35.9647551365197,6.33494263514876,1
4,1,1.78559080464765,4919.64397486299,0,"Annual",48.2650547102094,8.13403354492038,0
4,6,3.50308875786141,910.267514409497,2,"Monthly",20.5618051439524,9.87525492208079,1
10,12,4.22110334271565,3597.86808839999,1,"Annual",21.7041821219027,2.04807848902419,1
16,13,1.89873607363552,2771.96202427149,4,"Annual",34.1730144619942,3.69947757339105,1
16,5,6.7934476188384,741.845503216609,1,"Monthly",72.37200031057,8.8282894785516,0
16,4,3.10095903463662,3034.38382106833,5,"Monthly",67.011750806123,9.83244355767965,0
18,12,7.9172651655972,1082.69508811645,4,"Monthly",26.4977786317468,3.15779086202383,1
12,4,4.6641196240671,2353.19989151321,0,"Annual",72.0549951121211,3.14337616320699,0
17,23,0.614700738806278,4340.64497007057,0,"Monthly",29.483934789896,0.0442174565978348,1
9,13,0.872759465128183,1096.69087105431,1,"Annual",85.2234814502299,4.10309807397425,0
2,11,1.77326478995383,4029.65422021225,1,"Monthly",76.4962129108608,4.1221646219492,0
16,14,8.7341796583496,3618.41226113029,1,"Monthly",52.308088131249,5.56926630670205,0
20,22,4.14963661693037,2593.78141141497,4,"Monthly",81.4996262453496,1.77057368913665,1
9,18,5.38965184474364,4539.14545243606,4,"Monthly",86.4115539193153,8.34466078551486,0
0,10,0.934347794391215,115.017964271829,4,"Monthly",48.2022430747747,3.41707679908723,0
10,2,9.28542408626527,1369.87334466539,2,"Annual",50.540321264416,9.85568650066853,1
12,21,5.81834706477821,2264.82449215837,1,"Monthly",24.0169264934957,2.73488474776968,0
13,8,8.39019435225055,2612.65491019003,0,"Monthly",72.7718284912407,7.74465307127684,0
12,7,4.08615820575505,2355.94742931426,3,"Monthly",20.7436355948448,0.0726557825691998,0
6,17,9.21375807141885,1488.41478163376,0,"Monthly",64.6822122484446,3.12556605786085,1
7,24,9.79280791245401,769.949364475906,5,"Annual",26.4583229459822,3.07495575863868,0
3,14,0.907913497649133,2338.80610670894,2,"Monthly",90.2373828738928,2.71753362147138,1
13,3,0.596022205427289,3231.10526311211,0,"Annual",39.4372893497348,8.32193705718964,1
4,2,7.18902282649651,2819.28520649672,1,"Annual",58.8068705797195,7.1270515746437,0
19,22,3.96333226701245,3529.70512467436,0,"Monthly",33.2087480649352,0.460019912570715,0
18,23,3.58742819167674,2296.61276098341,4,"Annual",36.5755763836205,1.70305692823604,1
13,3,1.02981084492058,1549.17767620645,0,"Monthly",70.0829940848053,9.26555586280301,1
18,3,4.81315418146551,1806.94227805361,2,"Monthly",99.8574495874345,2.88339622318745,1
14,18,1.92517715971917,2436.35752354749,3,"Monthly",36.511220280081,9.36931825010106,0
15,5,2.74427258875221,1593.69595581666,0,"Annual",28.4192363359034,5.12671253876761,0
2,22,9.31844462174922,3465.2320551686,0,"Annual",74.5430417917669,1.71814145054668,1
1,19,5.85157078923658,2567.89517821744,0,"Monthly",66.8764840997756,0.95498010981828,0
5,18,0.747040712740272,3592.97796734609,1,"Annual",90.7230363972485,9.89123638952151,0
6,22,5.37299051648006,2102.29143849574,3,"Monthly",36.0927650518715,8.92063084989786,1
9,10,9.03282479150221,708.468894008547,5,"Annual",46.2337619811296,1.35793541092426,1
12,16,0.170100105460733,1465.33194929361,1,"Annual",75.9759919904172,5.89706593425944,1
9,17,3.5087148938328,3452.99638924189,0,"Annual",27.0405641011894,5.57119858451188,1
9,14,8.03015891695395,3235.23898259737,1,"Monthly",83.1838518753648,1.20000551454723,1
2,21,7.46322952443734,2376.36635778472,5,"Monthly",29.4402122870088,3.4663093695417,1
19,20,5.61342800501734,3283.96844677627,5,"Annual",88.4055411070585,2.21695777727291,0
16,2,1.33630717173219,1116.74422980286,3,"Annual",82.1243260800838,8.96072689909488,0
17,3,1.65559688583016,2837.9404603038,2,"Monthly",22.1343365870416,3.73213209444657,0
16,22,8.13226816710085,4864.32134057395,1,"Annual",24.7755140066147,1.05012879706919,0
9,22,1.3535524555482,677.154684672132,1,"Monthly",88.4104635007679,4.02646753471345,1
9,15,8.64273615181446,3650.0207555946,2,"Annual",95.6356062740088,3.22056944249198,1
7,14,2.45020103408024,3281.65401355363,5,"Monthly",98.9582203142345,7.01783188153058,0
12,10,0.755564067512751,4392.76676042937,0,"Annual",68.7968384288251,0.683169304393232,0
7,3,0.566384105477482,3324.39550664276,5,"Monthly",51.1448870226741,7.24074591184035,0
19,19,8.45309135736898,1630.63339190558,2,"Monthly",86.4806504175067,7.99044897546992,0
4,6,5.54787350120023,1942.69544095732,4,"Annual",30.3482099622488,5.32184660434723,0
16,8,3.99735425133258,277.995488140732,4,"Annual",38.4231316484511,7.16466075740755,0
8,1,9.33495844015852,3550.42331968434,0,"Annual",28.3959071151912,1.31739282747731,0
7,4,9.23442874336615,1442.81935878098,1,"Annual",40.8595589734614,4.48636286891997,0
18,1,5.76474149245769,4484.74451317452,5,"Annual",28.6994097754359,6.15352618973702,0
12,13,2.89208655944094,4236.1395410262,3,"Annual",73.7894530966878,2.10701760835946,1
0,2,7.00956931803375,3142.34742545523,0,"Annual",80.0465669855475,2.74476563092321,1
11,7,5.90875950176269,3720.55022278801,5,"Monthly",53.9970586821437,1.65212287800387,0
0,15,0.690098099876195,3889.47947882116,5,"Annual",70.1802738197148,2.75386875262484,0
5,20,2.52642275998369,4894.38215154223,4,"Annual",77.7411450073123,5.3651875955984,0
18,5,0.618776518385857,4500.8961413987,4,"Monthly",20.40233111009,1.53134655673057,0
12,23,6.712264677044,620.391119737178,2,"Annual",54.0336153842509,0.809731846675277,0
18,5,1.85010800836608,4757.15355132706,3,"Monthly",93.6250460147858,9.29731159005314,0
4,20,8.65497360471636,1882.95036088675,1,"Monthly",54.1904316656291,9.80170530965552,1
12,1,7.64566766796634,1576.771348482,1,"Annual",79.9807793833315,2.96666408656165,0
13,12,7.63534612488002,2952.82124890946,3,"Annual",96.8662037141621,1.35233820416033,0
13,14,1.88212657114491,1708.48793932237,3,"Monthly",35.4781133309007,9.58712426014245,0
19,13,1.44681809935719,3405.44161037542,0,"Monthly",75.0861079990864,4.70457163639367,0
11,4,7.11782123893499,1855.5426876992,1,"Monthly",93.9043777994812,0.0773102720268071,0
19,7,8.89184359461069,2097.49778034166,1,"Annual",20.7988206110895,2.74276208598167,1
7,20,4.13427267223597,4322.84167734906,0,"Monthly",67.2348604537547,6.02535513462499,1
10,13,3.16895362688228,4595.48787213862,0,"Monthly",81.0708126798272,3.97710553370416,0
13,15,6.49371232371777,3598.10829279013,0,"Annual",24.4142269343138,7.90862006600946,1
1,18,5.9732246468775,3968.99572922848,0,"Monthly",39.8009905219078,4.6810064651072,0
13,15,1.49374439613894,4154.56473594531,3,"Annual",43.6179350875318,7.10885006468743,0
9,8,9.05333392787725,3745.45247061178,0,"Monthly",61.2320877797902,7.05767929088324,1
1,2,1.71312279766425,3092.2678404022,5,"Monthly",56.606663595885,5.68729121470824,1
20,5,6.29342618398368,1990.05929171108,5,"Annual",92.963437512517,2.04061660682783,1
9,15,4.58520813612267,1932.48457857408,3,"Annual",35.4375461488962,0.0751478155143559,1
2,19,3.30590760102496,4422.72192449309,2,"Monthly",96.3695051334798,1.65676439879462,0
1,14,4.17336887912825,363.376779714599,0,"Annual",21.2278738059103,5.65336850006133,0
9,18,6.69386893045157,3231.40572174452,4,"Annual",21.9205388613045,7.84620980266482,1
14,13,0.368291432969272,220.648604445159,4,"Annual",33.2204042188823,8.03103470709175,1
18,18,3.33927972009405,1331.76910923794,4,"Monthly",25.0863996706903,9.77868187241256,1
11,5,7.04395353561267,4889.24476201646,4,"Monthly",26.9216068089008,8.39178466238081,0
17,14,3.95150686847046,2521.94323926233,5,"Monthly",73.5372094251215,7.63965950580314,0
17,10,0.256061742547899,2507.90168414824,4,"Monthly",60.2488772198558,2.34488970134407,0
